Date,High,Low,Open,Close,Adj Close,Volume
2015-01-02,50.33142853,48.73143005,49.15142822,49.84857178,49.84857178,13475000
2015-01-05,49.25857162,47.14714432,49.25857162,47.31142807,47.31142807,18165000
2015-01-06,47.63999939,45.66143036,47.34714127,46.50143051,46.50143051,16037700
2015-01-07,47.42142868,46.27142715,47.34714127,46.74285889,46.74285889,9849700
2015-01-08,47.83571243,46.47857285,47.11999893,47.77999878,47.77999878,9601900
2015-01-09,48.02000046,46.89857101,47.63142776,47.04142761,47.04142761,9578100
2015-01-12,47.19857025,45.26428604,47.09000015,45.54714203,45.54714203,12944400
2015-01-13,47.04857254,45.90000153,46.02142715,46.25571442,46.25571442,18721500
2015-01-14,47.36999893,45.68000031,47.07143021,46.31999969,46.31999969,19884900
2015-01-15,46.7857132,45.84428787,46.54714203,46.25143051,46.25143051,11669000
2015-01-16,48.25,46.38142776,46.8571434,48.19142914,48.19142914,19696600
2015-01-20,50,47.7142868,48.57143021,49.82857132,49.82857132,40551000
2015-01-21,59.24000168,57.40999985,59.23428726,58.46857071,58.46857071,66902500
2015-01-22,61.37428665,57.82857132,58.57143021,61.20571518,61.20571518,33319300
2015-01-23,62.74285889,60.88142776,60.98857117,62.49428558,62.49428558,26784100
2015-01-26,63.89857101,61.95714188,62.57143021,63.79428482,63.79428482,21268800
2015-01-27,65.33999634,63.04999924,63.08714294,64.88143158,64.88143158,24612700
2015-01-28,64.82142639,63.08142853,64.74143219,63.20857239,63.20857239,24532900
2015-01-29,63.9271431,62.5,63.20428467,63.40000153,63.40000153,15127700
2015-01-30,63.98428726,62.65571213,63.13285828,63.11428452,63.11428452,13215300
2015-02-02,63.42856979,61.95571518,62.84285736,63.00999832,63.00999832,12990600
2015-02-03,65.4671402,62.72999954,63.31999969,65.27428436,65.27428436,16440200
2015-02-04,65.17428589,63.88999939,65.04142761,64.1014328,64.1014328,12450900
2015-02-05,65.13857269,63.66571426,64.54142761,64.12999725,64.12999725,14248500
2015-02-06,64.42857361,63.17571259,64.25,63.47999954,63.47999954,8898400
2015-02-09,63.7857132,62.63714218,63.19857025,63.29571533,63.29571533,8173200
2015-02-10,65.15714264,63.10142899,63.45999908,64.84999847,64.84999847,15418900
2015-02-11,66.14142609,64.55714417,64.83000183,64.98428345,64.98428345,13953100
2015-02-12,65.60713959,64.45143127,65.05857086,65.24714661,65.24714661,8464400
2015-02-13,66.62999725,65.42285919,65.42857361,66.58571625,66.58571625,12968900
2015-02-17,67.37142944,65.94428253,66.51571655,67.137146,67.137146,11170600
2015-02-18,68.06999969,66.64571381,67.02285767,67.86571503,67.86571503,10316600
2015-02-19,68.7142868,67.57428741,67.85713959,67.80000305,67.80000305,10432100
2015-02-20,68.37428284,67.637146,67.94999695,68.31428528,68.31428528,9422000
2015-02-23,68.31428528,67.14286041,68.30000305,67.40571594,67.40571594,9031400
2015-02-24,68.08428955,67.35571289,67.37285614,67.83999634,67.83999634,6075300
2015-02-25,68.79428864,67.80714417,67.80714417,68.33285522,68.33285522,6854400
2015-02-26,69.5,68.43000031,68.62571716,69.00428772,69.00428772,10852800
2015-02-27,69.42857361,67.818573,69.08142853,67.84428406,67.84428406,11516400
2015-03-02,68.60713959,67.23428345,67.7142868,68.60713959,68.60713959,10187100
2015-03-03,68.45714569,67.50714111,68.34428406,67.81571198,67.81571198,7426300
2015-03-04,67.92571259,66.1828537,67.52999878,67.11000061,67.11000061,17453800
2015-03-05,67.4642868,66.41999817,67.42857361,66.80714417,66.80714417,11244800
2015-03-06,66.92571259,64.84428406,66.64286041,64.87428284,64.87428284,12888400
2015-03-09,65.09285736,62.82857132,64.98999786,63.66143036,63.66143036,18970700
2015-03-10,63.35142899,61.98285675,63.01571274,62.15142822,62.15142822,17947300
2015-03-11,63.93999863,62.24000168,62.24000168,62.88428497,62.88428497,16363200
2015-03-12,64.58285522,63.34000015,63.34714127,64.04571533,64.04571533,14654500
2015-03-13,64.05714417,62.36714172,63.90714264,62.62857056,62.62857056,10161200
2015-03-16,61.54714203,59.61999893,61.54714203,60.28142929,60.28142929,26796000
2015-03-17,60.69428635,59.38428497,59.71285629,59.7885704,59.7885704,18428200
2015-03-18,60.65000153,59.29999924,59.73857117,60.44571304,60.44571304,14634900
2015-03-19,61.2114296,60.25571442,60.45999908,60.74428558,60.74428558,11449900
2015-03-20,61.7857132,60.89571381,61.33714294,61.18571472,61.18571472,13641600
2015-03-23,61.15571213,60.33000183,60.88999939,60.7142868,60.7142868,7664300
2015-03-24,63.09857178,61.11857224,61.13571548,62.61142731,62.61142731,16888900
2015-03-25,62.69142914,60.24428558,62.68428421,60.25,60.25,21652400
2015-03-26,60.44714355,59.38999939,59.62857056,59.75143051,59.75143051,16039100
2015-03-27,59.84714127,58.5728569,59.33000183,59.25285721,59.25285721,15852200
2015-03-30,60.56428528,59.36428452,59.7157135,60.36714172,60.36714172,13272700
2015-03-31,60.41999817,59.45571518,60.11000061,59.52714157,59.52714157,14248500
2015-04-01,59.7857132,58.70285797,59.6428566,59.01714325,59.01714325,14639800
2015-04-02,59.6071434,58.86142731,59.07143021,59.15428543,59.15428543,9864400
2015-04-06,60.44714355,58.4642868,58.76856995,60.33000183,60.33000183,10730300
2015-04-07,60.84857178,60.04285812,60.49714279,60.49428558,60.49428558,9977100
2015-04-08,63.1071434,61.18428421,61.20142746,63.04999924,63.04999924,22327900
2015-04-09,63.13571548,62.11428452,63,62.7857132,62.7857132,13455400
2015-04-10,64.99571228,63.94714355,64.3971405,64.93856812,64.93856812,22367100
2015-04-13,69.2857132,67.05714417,67.23999786,67.81143188,67.81143188,44436700
2015-04-14,69.14286041,67.4214325,68.85713959,68.387146,68.387146,28641900
2015-04-15,68.70428467,67.36428833,68.70428467,67.92285919,67.92285919,42528500
2015-04-16,81.25,75.7142868,76,80.29285431,80.29285431,104500900
2015-04-17,82.14286041,79.7142868,79.77857208,81.65000153,81.65000153,58306500
2015-04-20,82.30428314,80.38143158,81.7857132,81.05571747,81.05571747,30766400
2015-04-21,81.48428345,79.80000305,81.23428345,80.06285858,80.06285858,15925700
2015-04-22,80.71286011,79.54428864,80.21142578,79.66857147,79.66857147,12089700
2015-04-23,80.34285736,78.95571136,79.65571594,79.86571503,79.86571503,12687500
2015-04-24,80.80857086,79.50714111,80.17285919,79.77143097,79.77143097,11045300
2015-04-27,81.7857132,80.23000336,80.29285431,80.86856842,80.86856842,15246700
2015-04-28,81.27857208,79.94428253,80.58999634,80.43714142,80.43714142,8826300
2015-04-29,81.05571747,79.64428711,80.06999969,80.40714264,80.40714264,9534700
2015-04-30,80.83571625,79.12428284,80.23714447,79.5,79.5,10565100
2015-05-01,79.9671402,78.89428711,79.85571289,79.57571411,79.57571411,8906100
2015-05-04,79.7142868,78.90000153,79.57142639,79.27143097,79.27143097,7967400
2015-05-05,82.44285583,80.75714111,81.23857117,80.79285431,80.79285431,27116600
2015-05-06,81.2142868,79.52143097,81.02857208,80.07714081,80.07714081,11504500
2015-05-07,80.79428864,79.45714569,80.11428833,80.7485733,80.7485733,10220700
2015-05-08,82.15285492,80.9642868,81.04142761,82.08571625,82.08571625,13828500
2015-05-11,84.85713959,82.18571472,82.32428741,84.27857208,84.27857208,23882600
2015-05-12,83.80857086,82.99285889,83.80857086,83.37714386,83.37714386,11907000
2015-05-13,84.19714355,82.69142914,83.40428925,82.87285614,82.87285614,11155900
2015-05-14,83.92428589,82.33000183,83.2857132,83.83571625,83.83571625,8898400
2015-05-15,88.34857178,85.75571442,86.36428833,87.60713959,87.60713959,37053100
2015-05-18,88.5342865,87.02428436,87.54428864,88.26714325,88.26714325,14812000
2015-05-19,89.7857132,87.80999756,88.88857269,88.068573,88.068573,19101600
2015-05-20,89.10857391,87.362854,88.2142868,88.79000092,88.79000092,12756800
2015-05-21,89.57142639,88.181427,89.08142853,89.00285339,89.00285339,12767300
2015-05-22,89.40714264,88.69285583,89.17857361,88.83856964,88.83856964,7466200
2015-05-26,89.06143188,87.7857132,88.87428284,87.99285889,87.99285889,9646000
2015-05-27,89.90714264,87.92857361,88.14286041,89.85713959,89.85713959,10506300
2015-05-28,89.85571289,88.93000031,89.7142868,89.50714111,89.50714111,7821800
2015-05-29,90.20571136,88.95571136,89.47285461,89.15142822,89.15142822,12712000
2015-06-01,89.12142944,87.94428253,88.83714294,89.00285339,89.00285339,9926000
2015-06-02,89.67857361,88.40571594,88.71142578,89.12999725,89.12999725,7529200
2015-06-03,89.73285675,88.64428711,89.24285889,88.80857086,88.80857086,6237700
2015-06-04,89.42857361,88.04285431,88.37857056,89.34857178,89.34857178,10074400
2015-06-05,90.54000092,89.12571716,89.2142868,90.45999908,90.45999908,11624200
2015-06-08,90.81571198,88.99571228,90.7142868,89.60428619,89.60428619,11148900
2015-06-09,92.7142868,89.33428955,89.33428955,92.44999695,92.44999695,22024800
2015-06-10,98.97000122,93.22571564,93.39571381,95.87142944,95.87142944,57121400
2015-06-11,96.91857147,94.08714294,96.88999939,95.09428406,95.09428406,26623100
2015-06-12,95.34285736,94.12428284,94.91571045,94.41857147,94.41857147,10278800
2015-06-15,93.59143066,91.65856934,92.85713959,93.431427,93.431427,19054000
2015-06-16,95.60713959,93.69142914,94.24285889,95.27285767,95.27285767,16043300
2015-06-17,95.13285828,93.95714569,95.13285828,94.27143097,94.27143097,9905000
2015-06-18,95.34143066,94.36856842,94.65142822,94.74285889,94.74285889,8962800
2015-06-19,96.41857147,93.82142639,96.24285889,93.87142944,93.87142944,19814900
2015-06-22,96.69285583,94.18856812,95.04285431,96.41428375,96.41428375,16732800
2015-06-23,97.38999939,95.75,96.33571625,97.31285858,97.31285858,15626100
2015-06-24,100.8914261,96.3971405,100.0142822,96.94428253,96.94428253,77138600
2015-06-25,96,93.45857239,95.48143005,94.89142609,94.89142609,41623400
2015-06-26,95.31428528,93.08856964,95.30000305,93.08856964,93.08856964,30314900
2015-06-29,92.91285706,91.11714172,91.50571442,92.23143005,92.23143005,24575600
2015-06-30,94.35571289,92.7857132,93.35713959,93.84857178,93.84857178,16880500
2015-07-01,95.23857117,93.21857452,94.80571747,93.63571167,93.63571167,14699300
2015-07-02,94.19857025,93.2142868,93.9985733,94.04428864,94.04428864,11053000
2015-07-06,94.92857361,93.33999634,93.47285461,94.57142639,94.57142639,11808300
2015-07-07,95.42713928,92.62285614,95.01285553,94.09143066,94.09143066,21573300
2015-07-08,93.99571228,92.2842865,93.47142792,93.50714111,93.50714111,12990600
2015-07-09,95.84571075,94.2857132,94.90000153,95.72714233,95.72714233,16731400
2015-07-10,98.50285339,96.90000153,97.52285767,97.22856903,97.22856903,21636300
2015-07-13,102.3085709,98.0785675,98.09857178,101.0871429,101.0871429,33205200
2015-07-14,101.6357117,99.65285492,101.271431,100.3714294,100.3714294,19736500
2015-07-15,100.75,97.05000305,99.97000122,98.12999725,98.12999725,30898600
2015-07-16,116.4899979,107.6800003,111.0199966,115.8099976,115.8099976,63461000
2015-07-17,117.8799973,114.2399979,117.3399963,114.7699966,114.7699966,25136900
2015-07-20,114.6999969,110.1399994,114.6999969,110.5500031,110.5500031,22676900
2015-07-21,113.7099991,109.3199997,110.2099991,112.5100021,112.5100021,14085400
2015-07-22,113.8799973,110.5599976,112.1399994,111.5,111.5,10500500
2015-07-23,112.1800003,109.8399963,110.9100037,110.0999985,110.0999985,8306800
2015-07-24,111.6800003,108.9000015,111.5500031,109.3399963,109.3399963,8125100
2015-07-27,109.8600006,106.25,107.7900009,106.4300003,106.4300003,11302600
2015-07-28,107.9400024,103.8799973,107.2900009,106.9000015,106.9000015,11155900
2015-07-29,107.75,105.4000015,106.8300018,107.0800018,107.0800018,6695600
2015-07-30,111.9000015,105.4000015,106.4000015,111.5599976,111.5599976,14229200
2015-07-31,115,111.1500015,111.9499969,114.3099976,114.3099976,16349100
2015-08-03,114.5999985,111.7799988,114.5999985,112.5599976,112.5599976,10144800
2015-08-04,122.7900009,113,113.1500015,121.1500015,121.1500015,29653300
2015-08-05,129.2899933,122.7099991,125.6200027,123.7099991,123.7099991,26946500
2015-08-06,128.8500061,122.0400009,126.2900009,126.4499969,126.4499969,24716700
2015-08-07,126.5999985,121.3000031,126.4199982,123.5199966,123.5199966,17360700
2015-08-10,126.5,121.5100021,126.0899963,123.0299988,123.0299988,13424600
2015-08-11,123.7600021,120,120.0100021,122.7399979,122.7399979,11596800
2015-08-12,122.4499969,118.6600037,121.4700012,120.5100021,120.5100021,13822500
2015-08-13,125.7300034,119.3399963,120.9899979,123.7300034,123.7300034,15284400
2015-08-14,125,123,124.9599991,123.3899994,123.3899994,8667700
2015-08-17,125.6999969,122.5899963,123.1399994,125.3600006,125.3600006,9233800
2015-08-18,126.75,123.5500031,125.2600021,124.0500031,124.0500031,9382000
2015-08-19,123.6999969,121.5,123.5,122.0599976,122.0599976,10115300
2015-08-20,121.4499969,111.3399963,119.8000031,112.4899979,112.4899979,28045300
2015-08-21,110,102.75,106.1999969,103.9599991,103.9599991,33228300
2015-08-24,109.6299973,85.5,88.75,96.87999725,96.87999725,59951900
2015-08-25,107.8799973,101.5,107.75,101.5199966,101.5199966,37620700
2015-08-26,110.2799988,102.0199966,107.1500015,110.1299973,110.1299973,36164600
2015-08-27,118.25,113.0199966,114.9400024,117.6600037,117.6600037,37056100
2015-08-28,119.3499985,115.8799973,116.3499985,117.6299973,117.6299973,20240200
2015-08-31,117,113.7600021,115.2399979,115.0299988,115.0299988,17005600
2015-09-01,111.2399979,103.8199997,109.3499985,105.7900009,105.7900009,35977100
2015-09-02,109.5,100.3000031,109.3099976,105.4400024,105.4400024,39843300
2015-09-03,104.1699982,100.1100006,102.6900024,101.0599976,101.0599976,29546700
2015-09-04,99.93000031,97.33999634,98.05000305,98.79000092,98.79000092,24212000
2015-09-08,102.5,93.55000305,102.0800018,94.94999695,94.94999695,43479700
2015-09-09,102.7900009,95.51999664,96.51000214,99.18000031,99.18000031,35524400
2015-09-10,100.8499985,96.77999878,99.41999817,99.48000336,99.48000336,21031900
2015-09-11,100.8499985,97.23000336,98.56999969,97.51000214,97.51000214,17373900
2015-09-14,97.91000366,94.33000183,96.83999634,95.69000244,95.69000244,15546000
2015-09-15,99.65000153,93.61000061,95.22000122,99.16000366,99.16000366,22591100
2015-09-16,104.4800034,99.33000183,99.69999695,104.0800018,104.0800018,28058200
2015-09-17,107.5,101.8300018,103.6699982,104.2099991,104.2099991,25817700
2015-09-18,104.3600006,100.7099991,102,102.6200027,102.6200027,21715000
2015-09-21,103.7699966,99.55999756,103.3000031,100.3000031,100.3000031,17900600
2015-09-22,99.90000153,97,98.29000092,98.47000122,98.47000122,16717900
2015-09-23,99.73999786,97.66000366,98.59999847,98.06999969,98.06999969,10264500
2015-09-24,104,96.77999878,97.11000061,103.7600021,103.7600021,21274500
2015-09-25,105.4499969,101.5699997,105.3000031,102.2399979,102.2399979,19066600
2015-09-28,103.3300018,97.83999634,101.5699997,99.47000122,99.47000122,17026600
2015-09-29,100.6299973,96.84999847,99.62999725,98.34999847,98.34999847,17405900
2015-09-30,103.4599991,99.05000305,99.91000366,103.2600021,103.2600021,17027600
2015-10-01,106.1100006,101.1200027,102.9100037,105.9800034,105.9800034,17426900
2015-10-02,106.8700027,101.4499969,103.0100021,106.1100006,106.1100006,21526700
2015-10-05,112.2799988,105.7600021,107.4800034,111.25,111.25,21157900
2015-10-06,112.25,105.6399994,110.3300018,108.3300018,108.3300018,20629800
2015-10-07,109.7799988,106.75,108.8399963,108.0999985,108.0999985,12329500
2015-10-08,115.0500031,102.5999985,107.9400024,114.9300003,114.9300003,42831900
2015-10-09,115.8300018,112.4400024,114.1100006,113.3300018,113.3300018,22455200
2015-10-12,115.4199982,112.3600006,114.4499969,113.4499969,113.4499969,12624500
2015-10-13,113.7200012,108.7799988,112.8499985,109.7300034,109.7300034,17512100
2015-10-14,111.6299973,108.0500031,111.5,110.2300034,110.2300034,33231500
2015-10-15,104.8799973,99.09999847,103.7699966,101.0899963,101.0899963,48484300
2015-10-16,101.6500015,98.41000366,100.2099991,98.98999786,98.98999786,21340500
2015-10-19,103.6200027,96.26000214,98.06999969,101.6900024,101.6900024,29964700
2015-10-20,102.1100006,97.58000183,101.0599976,98.98999786,98.98999786,17345600
2015-10-21,100.3399963,97.01000214,99.66999817,97.95999908,97.95999908,13728500
2015-10-22,99.93000031,96.86000061,98.06999969,97.31999969,97.31999969,12786800
2015-10-23,101.5599976,97.26999664,97.61000061,100.0400009,100.0400009,18019900
2015-10-26,103.3099976,99.37999725,100.0500031,103.0400009,103.0400009,12234800
2015-10-27,104.7200012,101.2300034,102.5800018,103.0699997,103.0699997,12066400
2015-10-28,106.2099991,102.0599976,102.9000015,105.8000031,105.8000031,13094000
2015-10-29,106.9100037,104.75,105,105.1200027,105.1200027,9841400
2015-10-30,110.0999985,104.9000015,105.1200027,108.3799973,108.3799973,15571500
2015-11-02,109.3700027,106.3000031,109.1999969,107.6399994,107.6399994,11784600
2015-11-03,111.0500031,107.2399979,107.3600006,109.7399979,109.7399979,12484100
2015-11-04,114.2799988,109.3899994,110.3600006,114.0500031,114.0500031,17505000
2015-11-05,115.6800003,111.7200012,113.75,113.5,113.5,13814900
2015-11-06,114.8000031,112.0500031,113.3899994,114.0599976,114.0599976,10936600
2015-11-09,114,108.6399994,113.3600006,109.8600006,109.8600006,16154600
2015-11-10,112.8399963,108.0100021,108.8600006,112.6999969,112.6999969,11166400
2015-11-11,114.6100006,111.4100037,113.0800018,112.8600006,112.8600006,11039200
2015-11-12,115.25,108.1999969,112.5199966,108.9199982,108.9199982,17568200
2015-11-13,109.0699997,103.2699966,108.3399963,103.6500015,103.6500015,18819400
2015-11-16,111.6500015,101.8600006,102.9700012,111.3499985,111.3499985,19866200
2015-11-17,118.7900009,111.6999969,112.1100006,117.0999985,117.0999985,33016300
2015-11-18,121,116.0999985,117.9400024,120.6299973,120.6299973,23353600
2015-11-19,123.1299973,119.6100006,120.25,120.2200012,120.2200012,19253200
2015-11-20,124.0699997,119.2099991,120.8499985,123.8399963,123.8399963,17977000
2015-11-23,126.1999969,121.6600037,124.3000031,125.0299988,125.0299988,15727000
2015-11-24,124.6600037,120.0299988,123.6699982,123.3099976,123.3099976,18335300
2015-11-25,125.1999969,122.3600006,124.2300034,124.1600037,124.1600037,10980700
2015-11-27,126.3899994,123.5899963,123.8499985,125.4400024,125.4400024,6645500
2015-11-30,126.5999985,122.8899994,126.0299988,123.3300018,123.3300018,13894000
2015-12-01,125.5699997,122.4199982,124.4700012,125.3700027,125.3700027,12550800
2015-12-02,131.3500061,124.9300003,125.5299988,128.9299927,128.9299927,24105700
2015-12-03,132.1999969,126.3899994,129.6199951,126.8099976,126.8099976,26647300
2015-12-04,130.9900055,125.75,127,130.9299927,130.9299927,20250400
2015-12-07,133.2700043,122.75,131.1900024,125.3600006,125.3600006,23351600
2015-12-08,128.2400055,121.0999985,121.5100021,126.9800034,126.9800034,18591100
2015-12-09,128.7799988,122.3300018,127.6999969,124.1999969,124.1999969,17788800
2015-12-10,125.2099991,121.6200027,124.5,122.9100037,122.9100037,13474100
2015-12-11,123,118.5999985,121.4499969,118.9100037,118.9100037,16105300
2015-12-14,120.9000015,114.6600037,119.7699966,120.6699982,120.6699982,18679300
2015-12-15,123.3000031,118.5400009,121.9300003,118.5999985,118.5999985,11760000
2015-12-16,123,118.0899963,119.8000031,122.6399994,122.6399994,13181000
2015-12-17,126.3499985,122.4199982,123.9700012,122.5100021,122.5100021,17284900
2015-12-18,122.1900024,117.9199982,120.8499985,118.0199966,118.0199966,17948100
2015-12-21,119.5899963,115.6600037,119.5100021,116.6299973,116.6299973,11670000
2015-12-22,117.4300003,114.8600006,117.3000031,116.2399979,116.2399979,9689000
2015-12-23,118.5599976,115.7799988,116.9100037,118.1600037,118.1600037,9324300
2015-12-24,118.8000031,117.3000031,118.2200012,117.3300018,117.3300018,3531300
2015-12-28,117.3499985,113.8499985,117.2600021,117.1100006,117.1100006,8424300
2015-12-29,119.5999985,116.9199982,118.1900024,119.1200027,119.1200027,8159200
2015-12-30,119.0199966,116.4300003,118.9499969,116.7099991,116.7099991,8149700
2015-12-31,117.4599991,114.2799988,116.2099991,114.3799973,114.3799973,9273000
2016-01-04,110,105.2099991,109,109.9599991,109.9599991,20794800
2016-01-05,110.5800018,105.8499985,110.4499969,107.6600037,107.6600037,17664600
2016-01-06,117.9100037,104.9599991,105.2900009,117.6800003,117.6800003,33045700
2016-01-07,122.1800003,112.2900009,116.3600006,114.5599976,114.5599976,33636700
2016-01-08,117.7200012,111.0999985,116.3300018,111.3899994,111.3899994,18067100
2016-01-11,116.7900009,111.1999969,112.1299973,114.9700012,114.9700012,21920400
2016-01-12,117.7799988,115.0800018,116.1100006,116.5800018,116.5800018,15133500
2016-01-13,114.4800034,104.5299988,114.4300003,106.5599976,106.5599976,24921600
2016-01-14,109.25,101.2099991,105.6500015,107.0599976,107.0599976,23664800
2016-01-15,105.5,101.7200012,102.4300003,104.0400009,104.0400009,19775100
2016-01-19,110.1399994,105.5500031,106.5699997,107.8899994,107.8899994,35722800
2016-01-20,109.9899979,97.05000305,108.9100037,107.7399979,107.7399979,53009400
2016-01-21,108.5100021,102.0999985,108.3199997,102.3499985,102.3499985,31027500
2016-01-22,104.9899979,99.22000122,104.7200012,100.7200012,100.7200012,26821800
2016-01-25,102.6800003,99,99.77999878,99.12000275,99.12000275,20321100
2016-01-26,100.5500031,94.84999847,99.73999786,97.83000183,97.83000183,22083900
2016-01-27,97.84999847,90.58999634,96.61000061,91.15000153,91.15000153,25556200
2016-01-28,95.25,90.11000061,93.83999634,94.41000366,94.41000366,24562300
2016-01-29,94.38999939,90.62999725,92,91.83999634,91.83999634,20463900
2016-02-01,97.18000031,91.30000305,91.79000092,94.08999634,94.08999634,19684500
2016-02-02,96.65000153,90.73000336,95.54000092,91.48999786,91.48999786,21906500
2016-02-03,92.69000244,86.13999939,92.41000366,90.73999786,90.73999786,27466000
2016-02-04,91.25,86.54000092,89.5,89.70999908,89.70999908,19108600
2016-02-05,88.94999695,81.86000061,88.23000336,82.79000092,82.79000092,25929300
2016-02-08,84.69999695,79.94999695,80.56999969,83.31999969,83.31999969,25035600
2016-02-09,88.40000153,81.55000305,81.75,86.12999725,86.12999725,25892900
2016-02-10,92.20999908,87.41999817,89,88.44999695,88.44999695,23146500
2016-02-11,88.38999939,82.91000366,87.41999817,86.34999847,86.34999847,21820300
2016-02-12,89.72000122,85.26000214,86.63999939,87.40000153,87.40000153,19067700
2016-02-16,90.13999939,87.54000092,89,89.05000305,89.05000305,16356600
2016-02-17,94.76999664,89.63999939,90.12999725,94.76000214,94.76000214,18323800
2016-02-18,94.90000153,90.30999756,94.80000305,90.48999786,90.48999786,17695300
2016-02-19,91.40000153,88.02999878,89.98000336,89.23000336,89.23000336,14259200
2016-02-22,93.11000061,88.30000305,90.75,91.93000031,91.93000031,16321800
2016-02-23,92.48999786,89.05000305,91.40000153,89.12000275,89.12000275,12744400
2016-02-24,91.76000214,86.69999695,88.5,91.61000061,91.61000061,15972800
2016-02-25,94.80999756,90.20999908,91.08000183,94.52999878,94.52999878,17898800
2016-02-26,97.48000336,94.25,95.30000305,94.79000092,94.79000092,16975200
2016-02-29,97.19999695,93.33999634,94.80999756,93.41000366,93.41000366,13663100
2016-03-01,99.16000366,93.61000061,94.58000183,98.30000305,98.30000305,17048800
2016-03-02,99.48000336,95.90000153,98.01000214,97.61000061,97.61000061,19102800
2016-03-03,98.34999847,95.38999939,97.83000183,97.93000031,97.93000031,15320900
2016-03-04,102.2200012,98.31999969,98.76000214,101.5800018,101.5800018,23414600
2016-03-07,101.7900009,95.25,101,95.48999786,95.48999786,23855200
2016-03-08,98.27999878,94.5,95,96.23000336,96.23000336,14797000
2016-03-09,98.37000275,95,96.81999969,98,98,12298700
2016-03-10,99.73999786,95.44999695,98.18000031,97.36000061,97.36000061,17002100
2016-03-11,99.59999847,96.05000305,99.51000214,97.66000366,97.66000366,15114300
2016-03-14,99.41999817,97.16999817,97.19999695,98.12999725,98.12999725,11251900
2016-03-15,98.51000214,96.43000031,97.87000275,97.86000061,97.86000061,9691800
2016-03-16,99.73000336,97.5,97.52999878,99.34999847,99.34999847,12630500
2016-03-17,101.3899994,99,99.05000305,99.72000122,99.72000122,13825000
2016-03-18,102.4100037,100.0100021,100.5,101.1200027,101.1200027,15453500
2016-03-21,102.0999985,99.5,101.1500015,101.0599976,101.0599976,9578500
2016-03-22,101.5199966,99.19999695,100.4800034,99.83999634,99.83999634,9069900
2016-03-23,100.3899994,98.80999756,99.75,99.58999634,99.58999634,8313500
2016-03-24,98.84999847,97.06999969,98.63999939,98.36000061,98.36000061,10671100
2016-03-28,101.4400024,97.81999969,98.33999634,101.2099991,101.2099991,12432200
2016-03-29,104.3300018,101,101.0800018,104.1299973,104.1299973,16008900
2016-03-30,104.9100037,101.4800034,104.6500015,102.1900024,102.1900024,14705000
2016-03-31,103.5299988,101.0500031,102.4300003,102.2300034,102.2300034,9747500
2016-04-01,105.7900009,102.4700012,102.9300003,105.6999969,105.6999969,14182400
2016-04-04,105.9199982,103.1999969,105.9000015,104.3499985,104.3499985,10940400
2016-04-05,105.75,103.25,103.4700012,104.9400024,104.9400024,10060900
2016-04-06,106.4400024,104.25,105.3000031,104.8300018,104.8300018,9605800
2016-04-07,106.4400024,103.5999985,104.3099976,104.4499969,104.4499969,10774900
2016-04-08,105.3300018,102.8199997,105.1200027,103.8099976,103.8099976,7857600
2016-04-11,104.9800034,102.6200027,104.0400009,102.6800003,102.6800003,7451300
2016-04-12,107.2200012,102.2099991,103.1500015,106.9800034,106.9800034,12437000
2016-04-13,111.2799988,107.8799973,108,109.6500015,109.6500015,16701700
2016-04-14,111.6399994,109.1500015,110.0100021,110.4199982,110.4199982,9553700
2016-04-15,111.8499985,109.7799988,110.6399994,111.5100021,111.5100021,11746100
2016-04-18,110.6999969,106.0199966,109.9000015,108.4000015,108.4000015,32816400
2016-04-19,101.3700027,94.19999695,99.48999786,94.33999634,94.33999634,55728800
2016-04-20,96.98000336,93.13999939,94.33999634,96.76999664,96.76999664,26613500
2016-04-21,97.37999725,94.77999878,97.30999756,94.98000336,94.98000336,19919400
2016-04-22,96.69000244,94.20999908,94.84999847,95.90000153,95.90000153,15806300
2016-04-25,95.75,92.80000305,95.69999695,93.55999756,93.55999756,14985400
2016-04-26,93.55000305,91.25,93.5,92.43000031,92.43000031,15330900
2016-04-27,92.5,90.20999908,92.18000031,91.04000092,91.04000092,12218900
2016-04-28,92.66999817,90.08999634,91.5,90.27999878,90.27999878,11474900
2016-04-29,90.55999756,88.20999908,90.5,90.02999878,90.02999878,13968000
2016-05-02,93.22000122,89.88999939,90.41000366,93.11000061,93.11000061,12547000
2016-05-03,93.25,91.30000305,92.08000183,91.54000092,91.54000092,10593900
2016-05-04,92.16000366,90.34999847,91,90.79000092,90.79000092,7394700
2016-05-05,92.08000183,89.25,90.91000366,89.37000275,89.37000275,10368500
2016-05-06,90.87999725,88.11000061,88.83000183,90.83999634,90.83999634,10433900
2016-05-09,91.83000183,89.90000153,90.73000336,90.54000092,90.54000092,9543700
2016-05-10,93.25,91.08999634,91.13999939,92.88999939,92.88999939,11175900
2016-05-11,92.58999634,89.90000153,92.40000153,90.01999664,90.01999664,11692900
2016-05-12,90.41000366,85.73999786,90.31999969,87.73999786,87.73999786,20408100
2016-05-13,88.58999634,86.26000214,87.38999939,87.87999725,87.87999725,11571400
2016-05-16,90,86.15000153,87.55999756,89.12000275,89.12000275,11247800
2016-05-17,90.87000275,88.16999817,89,88.62999725,88.62999725,11571300
2016-05-18,91.72000122,88.25,88.25,90.5,90.5,13911800
2016-05-19,91.26999664,88.30000305,90.16000366,89.55000305,89.55000305,11450300
2016-05-20,93.27999878,89.98000336,90.08000183,92.48999786,92.48999786,15063000
2016-05-23,95.29000092,92.84999847,92.98000336,94.88999939,94.88999939,13992300
2016-05-24,99.13999939,95.75,95.98000336,97.88999939,97.88999939,21246000
2016-05-25,100.3099976,98.30000305,99,100.1999969,100.1999969,15142900
2016-05-26,104,101.3799973,103.2099991,102.8099976,102.8099976,17824700
2016-05-27,103.5,101.4400024,102.4400024,103.3000031,103.3000031,9092100
2016-05-31,103.4499969,102.1299973,102.9499969,102.5699997,102.5699997,8725700
2016-06-01,101.9199982,100.1600037,101.5,101.5100021,101.5100021,8393400
2016-06-02,102.1500015,100.7699966,101.3899994,101.25,101.25,7992400
2016-06-03,101,98.52999878,100.9899979,99.58999634,99.58999634,9224000
2016-06-06,101.0699997,99.72000122,100.2900009,100.7399979,100.7399979,6828100
2016-06-07,101.6299973,99.76999664,101.1999969,99.88999939,99.88999939,6474700
2016-06-08,100.2799988,97.59999847,100.0199966,97.86000061,97.86000061,9423900
2016-06-09,98.43000031,96.66000366,97.22000122,97.08999634,97.08999634,8923800
2016-06-10,95.34999847,93.27999878,94.87999725,93.75,93.75,12907900
2016-06-13,97.19999695,93.62000275,95.01999664,93.84999847,93.84999847,13484300
2016-06-14,95.80000305,93.26999664,94.16000366,94.12000275,94.12000275,9480400
2016-06-15,95.45999908,93.5,94.61000061,94.29000092,94.29000092,7675400
2016-06-16,95.55999756,93.25,94.18000031,95.44000244,95.44000244,7550800
2016-06-17,95.76999664,94.19999695,95.75,94.44999695,94.44999695,8046800
2016-06-20,95.87999725,93.65000153,95.22000122,93.80000305,93.80000305,9026400
2016-06-21,93.87999725,90.76999664,93.87000275,90.98999786,90.98999786,15199700
2016-06-22,91.98000336,89.76999664,90.77999878,90.01000214,90.01000214,9454700
2016-06-23,91.68000031,88.15000153,90.62000275,91.66000366,91.66000366,10819000
2016-06-24,90.48999786,87.20999908,87.52999878,88.44000244,88.44000244,11248600
2016-06-27,88,84.80999756,87.87999725,85.33000183,85.33000183,13730500
2016-06-28,88.87999725,86.41000366,87.41000366,87.97000122,87.97000122,11545600
2016-06-29,91.97000122,88.69999695,89.66999817,91.05999756,91.05999756,11687100
2016-06-30,91.72000122,89.90000153,90.91000366,91.48000336,91.48000336,9099000
2016-07-01,97,94.80000305,95,96.66999817,96.66999817,16167200
2016-07-05,101.2699966,93.30999756,95.19999695,97.91000366,97.91000366,25879400
2016-07-06,96,93.55000305,95.02999878,94.59999847,94.59999847,16301200
2016-07-07,95.37999725,93.18000031,94.69999695,95.09999847,95.09999847,9913500
2016-07-08,97.41000366,95.30000305,96,97.05999756,97.05999756,8335400
2016-07-11,96.87000275,94.30000305,96.19000244,94.66999817,94.66999817,13276200
2016-07-12,96.72000122,94.08999634,95.06999969,95.97000122,95.97000122,11617400
2016-07-13,96.72000122,94.80000305,96.26000214,96.43000031,96.43000031,8768900
2016-07-14,98.26999664,96.80000305,97,98.01999664,98.01999664,9885000
2016-07-15,98.69999695,97.41000366,98.51999664,98.38999939,98.38999939,9041900
2016-07-18,99.83999634,97.23999786,98.43000031,98.80999756,98.80999756,28669700
2016-07-19,86.75,84.5,85.43000031,85.83999634,85.83999634,55681200
2016-07-20,88.48999786,85.81999969,86.66999817,87.91000366,87.91000366,23525100
2016-07-21,88.37999725,85.20999908,88.30000305,85.98999786,85.98999786,16084000
2016-07-22,86.5,85.11000061,86.48000336,85.88999939,85.88999939,11363900
2016-07-25,87.87000275,85.01000214,85.73000336,87.66000366,87.66000366,14135000
2016-07-26,93.09999847,90.90000153,91.02999878,91.41000366,91.41000366,19577600
2016-07-27,92.05999756,90.09999847,91.5,92.04000092,92.04000092,8727500
2016-07-28,92.20999908,90.68000031,91.91999817,91.65000153,91.65000153,6227700
2016-07-29,91.75,90.58999634,91.19000244,91.25,91.25,6960200
2016-08-01,94.66999817,90.5,91.23000336,94.37000275,94.37000275,10666900
2016-08-02,94.08000183,92.18000031,94,93.55999756,93.55999756,9836200
2016-08-03,94.66999817,92.55000305,93.27999878,93.09999847,93.09999847,7030900
2016-08-04,93.73000336,91.81999969,93.19999695,93.44000244,93.44000244,6043400
2016-08-05,97.73999786,93.55999756,93.76999664,97.02999878,97.02999878,18364800
2016-08-08,95.93000031,94,95.91000366,95.11000061,95.11000061,10135400
2016-08-09,95.80999756,93.48000336,95.12000275,93.98999786,93.98999786,9175400
2016-08-10,94.75,92.94999695,94.40000153,93.93000031,93.93000031,6511100
2016-08-11,96.33000183,94.37000275,94.59999847,95.88999939,95.88999939,8547700
2016-08-12,96.83000183,95.08000183,95.52999878,96.58999634,96.58999634,6592900
2016-08-15,96.91000366,95.23999786,96.83000183,95.30999756,95.30999756,7304600
2016-08-16,95.61000061,94.40000153,95.19000244,95.12000275,95.12000275,6311300
2016-08-17,96.93000031,94.84999847,94.94000244,96.37000275,96.37000275,8315600
2016-08-18,97.22000122,95.16999817,95.98000336,96.16000366,96.16000366,7252600
2016-08-19,96.77999878,95.51000214,96.05000305,95.87000275,95.87000275,6942900
2016-08-22,96.12999725,94.94999695,95.66999817,95.26000214,95.26000214,5830500
2016-08-23,96.58999634,95.48000336,95.68000031,95.94000244,95.94000244,5239100
2016-08-24,96.36000061,94.91000366,96.12999725,95.18000031,95.18000031,6276500
2016-08-25,98.25,96.04000092,96.37999725,97.31999969,97.31999969,10823100
2016-08-26,97.94999695,96.56999969,97.33000183,97.58000183,97.58000183,6617600
2016-08-29,98.44999695,96.56999969,96.97000122,97.30000305,97.30000305,8008400
2016-08-30,98.84999847,97.13999939,97.83999634,97.44999695,97.44999695,6093500
2016-08-31,97.87999725,96.76000214,97.48000336,97.44999695,97.44999695,4690600
2016-09-01,97.98000336,96.91999817,97.80999756,97.37999725,97.37999725,4148600
2016-09-02,98.18000031,97.01000214,97.90000153,97.37999725,97.37999725,4247200
2016-09-06,100.3199997,97.65000153,97.76000214,100.0899963,100.0899963,9036100
2016-09-07,100.1900024,98.41999817,100.1100006,99.15000153,99.15000153,6468500
2016-09-08,100.0500031,98.81999969,99.23000336,99.66000366,99.66000366,5201200
2016-09-09,99.38999939,96.5,99.05999756,96.5,96.5,7373300
2016-09-12,99.29000092,95.70999908,95.91000366,99.05000305,99.05000305,7718400
2016-09-13,98,95.33000183,97.16999817,96.08999634,96.08999634,11788100
2016-09-14,98.34999847,96.95999908,97.34999847,97.01000214,97.01000214,8481000
2016-09-15,97.97000122,96.52999878,97.23000336,97.33999634,97.33999634,5293500
2016-09-16,99.48999786,97.04000092,97.09999847,99.48000336,99.48000336,9445100
2016-09-19,100.3499985,97.81999969,99.90000153,98.05999756,98.05999756,8616200
2016-09-20,99.16000366,97.66000366,98.77999878,98.25,98.25,4736800
2016-09-21,97.09999847,93.26000214,96.90000153,94.87999725,94.87999725,20042200
2016-09-22,95.87999725,94.23000336,95.54000092,95.83000183,95.83000183,11215000
2016-09-23,96.97000122,95.43000031,95.75,95.94000244,95.94000244,6179500
2016-09-26,95.37999725,94.04000092,95.37999725,94.55999756,94.55999756,6739200
2016-09-27,97.63999939,95,95.04000092,97.06999969,97.06999969,9680100
2016-09-28,97.58999634,96.01999664,97.09999847,97.48000336,97.48000336,7235100
2016-09-29,98.30999756,96.59999847,97.30999756,96.66999817,96.66999817,6217600
2016-09-30,99.52999878,96.79000092,96.90000153,98.55000305,98.55000305,9807900
2016-10-03,103.3899994,98,98,102.6299973,102.6299973,15344500
2016-10-04,104.4400024,101.8600006,103.1900024,102.3399963,102.3399963,12143100
2016-10-05,106.9700012,103.4300003,103.5,106.2799988,106.2799988,12942900
2016-10-06,105.4700012,103.8799973,104.9700012,105.0699997,105.0699997,6587700
2016-10-07,106.5,103.5500031,103.9800034,104.8199997,104.8199997,8659500
2016-10-10,104.5299988,102.7600021,103.1800003,103.3300018,103.3300018,6699700
2016-10-11,102.9000015,99.86000061,102.3099976,100.5899963,100.5899963,9032900
2016-10-12,102.4700012,99.22000122,100.8799973,99.5,99.5,7426500
2016-10-13,100.5,97.62999725,98.01000214,100.2300034,100.2300034,8319300
2016-10-14,102.0999985,100.3499985,101.5899963,101.4700012,101.4700012,9531100
2016-10-17,100.7300034,98.37999725,100.5,99.80000305,99.80000305,26589500
2016-10-18,119.8199997,116.5,116.6299973,118.7900009,118.7900009,42168200
2016-10-19,122.4499969,118,118.25,121.8700027,121.8700027,21981700
2016-10-20,123.75,121.0599976,121.9700012,123.3499985,123.3499985,14492800
2016-10-21,127.8499985,122.3099976,122.5,127.5,127.5,18832400
2016-10-24,129.2899933,126.1500015,127.4199982,127.3300018,127.3300018,15980700
2016-10-25,128.0599976,125.75,126.5199966,126.5100021,126.5100021,8253900
2016-10-26,128.7200012,125.75,126.2900009,126.9700012,126.9700012,8602400
2016-10-27,128.1799927,125.9300003,127.4300003,126.4700012,126.4700012,6914200
2016-10-28,128.9299927,126.0100021,126.0800018,126.5699997,126.5699997,7077300
2016-10-31,126.9000015,124.4000015,126.8499985,124.8700027,124.8700027,6517500
2016-11-01,125.8300018,121.8000031,124.9800034,123.3000031,123.3000031,6978600
2016-11-02,124.0699997,121.8300018,122.8300018,122.3399963,122.3399963,4816500
2016-11-03,123.7200012,121.8399963,122.3099976,122.1399994,122.1399994,5041300
2016-11-04,123.4300003,121.6200027,122,122.0299988,122.0299988,5077700
2016-11-07,125.75,123.3700027,124.2600021,124.5800018,124.5800018,5827100
2016-11-08,125.8099976,123.2200012,124.1200027,124.3399963,124.3399963,4690800
2016-11-09,123.6500015,120.8600006,121.8399963,122.1900024,122.1900024,7705700
2016-11-10,122.9700012,113.6999969,122.7600021,115.4199982,115.4199982,19718700
2016-11-11,116.6299973,113.1100006,114.9000015,114.7799988,114.7799988,11080300
2016-11-14,115.9000015,110.6800003,114.75,113.3799973,113.3799973,9932400
2016-11-15,116.4100037,113.0899963,114.5500031,113.5899963,113.5899963,7445100
2016-11-16,116.1200027,111.8099976,112.9599991,115.1900024,115.1900024,5933700
2016-11-17,116.8099976,113.5599976,115.1299973,115.0299988,115.0299988,6232700
2016-11-18,116.4199982,113.5100021,115.7300034,115.2099991,115.2099991,6746800
2016-11-21,118.7200012,116.1900024,116.1999969,117.9599991,117.9599991,7064500
2016-11-22,119.4599991,116.9800034,118.3199997,118.0400009,118.0400009,7007200
2016-11-23,118.8899994,117.3099976,117.7600021,117.6900024,117.6900024,4521300
2016-11-25,118.3899994,117.1800003,117.6399994,117.4100037,117.4100037,1616300
2016-11-28,117.6200027,115.7099991,117.0500031,116.9300003,116.9300003,5278900
2016-11-29,119.1800003,117.1299973,117.3000031,117.5100021,117.5100021,7082300
2016-11-30,120.3700027,116.3899994,119,117,117,7715100
2016-12-01,118.6800003,113.9499969,117.5199966,117.2200012,117.2200012,8636900
2016-12-02,120.9800034,116.75,116.75,120.8099976,120.8099976,8953600
2016-12-05,120.75,118.4000015,120.7300034,119.1600037,119.1600037,7626300
2016-12-06,124.7900009,119.4199982,120.0999985,124.5699997,124.5699997,11513200
2016-12-07,125.75,123.25,124.4800034,125.3899994,125.3899994,8204700
2016-12-08,126.3499985,122.1600037,125.4000015,123.2399979,123.2399979,8987700
2016-12-09,124.3000031,121.7300034,123.7799988,122.8799973,122.8799973,4700800
2016-12-12,124.0299988,122.3000031,122.8399963,122.8300018,122.8300018,3917600
2016-12-13,125.0899963,122.7799988,123.5100021,123.7799988,123.7799988,5564500
2016-12-14,124.4000015,122.5,123.4300003,123.4400024,123.4400024,6110300
2016-12-15,127.4300003,122.9499969,123.4400024,125,125,7376200
2016-12-16,126.6800003,124.0100021,126.3899994,124.2200012,124.2200012,7868000
2016-12-19,126.4400024,122.8700027,124.3000031,125.4499969,125.4499969,4867300
2016-12-20,126.3000031,124.6399994,125.4599991,125.1200027,125.1200027,3937800
2016-12-21,127.7399979,125,125.5299988,126.5,126.5,6514800
2016-12-22,127.5,125.1800003,126.8399963,125.5800018,125.5800018,4160700
2016-12-23,126.2799988,125.0800018,125.6100006,125.5899963,125.5899963,2010400
2016-12-27,129.0500031,125.6999969,126.2399979,128.3500061,128.3500061,5288200
2016-12-28,129.0700073,125.7600021,129.0700073,125.8899994,125.8899994,4389200
2016-12-29,126.1399994,124.1999969,125.9499969,125.3300018,125.3300018,3445100
2016-12-30,126.5699997,123.5999985,126.2399979,123.8000031,123.8000031,4455400
2017-01-03,128.1900024,124.3099976,124.9599991,127.4899979,127.4899979,9437900
2017-01-04,130.1699982,126.5500031,127.4899979,129.4100037,129.4100037,7843600
2017-01-05,132.75,128.8999939,129.2200012,131.8099976,131.8099976,10185500
2017-01-06,133.8800049,129.8099976,132.0800018,131.0700073,131.0700073,10657900
2017-01-09,131.9900055,129.8899994,131.4799957,130.9499969,130.9499969,5771800
2017-01-10,132.2200012,129.2899933,131.2700043,129.8899994,129.8899994,5985800
2017-01-11,131.5,129.25,130.9100037,130.5,130.5,5615100
2017-01-12,130.8500061,128.5,130.6300049,129.1799927,129.1799927,5388900
2017-01-13,133.9299927,130.5800018,131.1499939,133.6999969,133.6999969,10515000
2017-01-17,135.3999939,132.0899963,135.0399933,132.8899994,132.8899994,12220200
2017-01-18,133.6499939,131.0599976,133.2100067,133.2599945,133.2599945,16168600
2017-01-19,143.4600067,138.25,142.0099945,138.4100037,138.4100037,23203400
2017-01-20,140.7899933,137.6600037,139.3600006,138.6000061,138.6000061,9497400
2017-01-23,139.4900055,137.3099976,138.6499939,137.3899994,137.3899994,7433900
2017-01-24,140.9299927,137.0299988,138.1100006,140.1100006,140.1100006,7754700
2017-01-25,141.3899994,139.0500031,140.8000031,139.5200043,139.5200043,7238100
2017-01-26,141.2100067,138.5099945,140.4499969,138.9600067,138.9600067,6038300
2017-01-27,142.4900055,139,139.4600067,142.4499969,142.4499969,8323900
2017-01-30,141.9700012,138.8000031,141.7700043,141.2200012,141.2200012,8122500
2017-01-31,141.8300018,139.6999969,140.5500031,140.7100067,140.7100067,4411600
2017-02-01,142.4100037,139.3000031,141.1999969,140.7799988,140.7799988,6033400
2017-02-02,141.0399933,139.0500031,140.6100006,139.1999969,139.1999969,3462400
2017-02-03,140.6399994,139.1000061,139.5099945,140.25,140.25,3512600
2017-02-06,141,139.1600037,140,140.9700012,140.9700012,3552100
2017-02-07,144.2799988,141.0500031,141.4900055,144,144,8573500
2017-02-08,145.0700073,142.5599976,143.5700073,144.7400055,144.7400055,6887100
2017-02-09,145.0899963,143.5800018,144.9799957,144.1399994,144.1399994,4555100
2017-02-10,145.3000031,143.9700012,144.6799927,144.8200073,144.8200073,6171900
2017-02-13,145.9499969,143.0500031,145.1900024,143.1999969,143.1999969,4790400
2017-02-14,144.1100006,140.0500031,143.1999969,140.8200073,140.8200073,8367800
2017-02-15,142.4299927,140.5099945,140.7200012,142.2700043,142.2700043,5309100
2017-02-16,142.4400024,141.0700073,142.4199982,142.0099945,142.0099945,2847500
2017-02-17,142.8999939,141.2700043,141.75,142.2200012,142.2200012,4588100
2017-02-21,143.3800049,141.8099976,142.9900055,142.6000061,142.6000061,3571500
2017-02-22,144,142.1699982,142.9199982,143.8600006,143.8600006,3482000
2017-02-23,144.4900055,141.5200043,144.4499969,142.7799988,142.7799988,4668000
2017-02-24,143.5599976,141.5500031,141.8800049,143.25,143.25,3302700
2017-02-27,143.9199982,142.3800049,143.1199951,143.4100037,143.4100037,3907400
2017-02-28,143.5700073,141.8500061,143.3000031,142.1300049,142.1300049,3862200
2017-03-01,143.2599945,142.1000061,142.8399963,142.6499939,142.6499939,4170600
2017-03-02,142.6999969,139.0899963,142.1499939,139.5299988,139.5299988,6119900
2017-03-03,140.9100037,138.2599945,139.6900024,139.1399994,139.1399994,5399800
2017-03-06,142.8399963,140.5399933,141,141.9400024,141.9400024,7116100
2017-03-07,142.3999939,140.3800049,141.9900055,141.4299927,141.4299927,4241000
2017-03-08,142.0599976,139.7700043,141.4700012,140.3200073,140.3200073,4085500
2017-03-09,141.2400055,139.7400055,140.0399933,140.5299988,140.5299988,2652700
2017-03-10,141.8000031,140.2799988,141.3899994,140.8899994,140.8899994,3318500
2017-03-13,143.7100067,140.3200073,140.8999939,143.5200043,143.5200043,4922400
2017-03-14,143.3099976,141.6999969,142.9499969,143.1900024,143.1900024,4660300
2017-03-15,145.5200043,143.2299957,144.1999969,145.25,145.25,5987200
2017-03-16,146.5,144.2200012,145.5,144.3899994,144.3899994,5286500
2017-03-17,145.7599945,143.3999939,144.0500031,145.1100006,145.1100006,6281300
2017-03-20,146.25,144.5800018,145.4499969,145.8300018,145.8300018,3421000
2017-03-21,147.6999969,142.1000061,146.75,142.4199982,142.4199982,7669800
2017-03-22,143.8000031,140.7599945,142.5399933,142.6499939,142.6499939,6486900
2017-03-23,142.8899994,141.2599945,142.1399994,141.8399963,141.8399963,3712600
2017-03-24,142.8000031,141.5800018,142.3600006,142.0200043,142.0200043,3546600
2017-03-27,144.3899994,140,140.8300018,144.0599976,144.0599976,4771700
2017-03-28,146.1100006,143.9199982,144.1000061,145.1699982,145.1699982,4638000
2017-03-29,147.1799927,144.9100037,145.5,146.4700012,146.4700012,3855000
2017-03-30,148.2899933,146.5299988,146.8099976,148.0599976,148.0599976,4461100
2017-03-31,148.2299957,147.3300018,148,147.8099976,147.8099976,3888200
2017-04-03,148.0099945,145.7400055,146.6999969,146.9199982,146.9199982,4609300
2017-04-04,147.0899963,144.8899994,146.8399963,145.5,145.5,4368900
2017-04-05,146.25,143.2599945,146.1900024,143.6199951,143.6199951,4607600
2017-04-06,144.1399994,143.0099945,144,143.7400055,143.7400055,3312400
2017-04-07,143.8899994,142.7100067,143.7899933,143.1100006,143.1100006,3040500
2017-04-10,144.6499939,141.2100067,143.0399933,143.8500061,143.8500061,5807400
2017-04-11,144.5399933,141.9799957,144.2799988,144.3500061,144.3500061,4621500
2017-04-12,145.7400055,143.5500031,144.8500061,143.8300018,143.8300018,4387000
2017-04-13,144.5500031,142.7599945,144.25,142.9199982,142.9199982,3685800
2017-04-17,147.3200073,144.4299927,144.4299927,147.25,147.25,16364700
2017-04-18,147.3999939,140,147.3399963,143.3600006,143.3600006,19671000
2017-04-19,144,138.6600037,143.3699951,139.7599945,139.7599945,12395100
2017-04-20,141.8000031,139.2700043,140.3000031,141.1799927,141.1799927,7248200
2017-04-21,143.0299988,140.8999939,141.3899994,142.8699951,142.8699951,6824800
2017-04-24,144.5,143.3999939,143.6100006,143.8300018,143.8300018,4800900
2017-04-25,153.5200043,146.2200012,147.4600067,152.1600037,152.1600037,20674200
2017-04-26,152.1499939,148.8999939,151.5299988,150.1699982,150.1699982,9274100
2017-04-27,153.4900055,149.3000031,150.6000061,153.0800018,153.0800018,7719400
2017-04-28,152.9700012,150.9400024,152.7100067,152.1999969,152.1999969,6366200
2017-05-01,157.6999969,151.6100006,151.9100037,155.3500061,155.3500061,9031600
2017-05-02,156.5,154.6100006,155.7599945,156.4499969,156.4499969,5384800
2017-05-03,156.5399933,154.8800049,156.2899933,155.5899963,155.5899963,3931200
2017-05-04,157.8999939,154.5500031,155.5899963,157.25,157.25,5582300
2017-05-05,158.5899963,155.8999939,158.5500031,156.6000061,156.6000061,5341700
2017-05-08,157.6399994,155.3000031,156.5500031,156.3800049,156.3800049,4818800
2017-05-09,157.8500061,155.9700012,156.1000061,157.4600067,157.4600067,3911000
2017-05-10,161.1000061,156.5599976,157.8200073,160.2799988,160.2799988,6869900
2017-05-11,160.5200043,157.5500031,160.3300018,158.5399933,158.5399933,5677400
2017-05-12,160.8399963,158.5099945,159.1100006,160.8099976,160.8099976,5092900
2017-05-15,161.7799988,159.7599945,160.25,160.0200043,160.0200043,4972000
2017-05-16,161.1799927,159.3300018,160.5,159.4100037,159.4100037,3464900
2017-05-17,158.7799988,153,158.0899963,153.1999969,153.1999969,8184500
2017-05-18,156.8899994,153.2400055,153.6100006,155.6999969,155.6999969,6802700
2017-05-19,158.0500031,155.9100037,156.1499939,157.0200043,157.0200043,4091500
2017-05-22,158.6000061,156.4299927,157.8600006,157.1600037,157.1600037,3744100
2017-05-23,158.3099976,156.8000031,157.75,157.9499969,157.9499969,3370900
2017-05-24,158.4799957,157.1699982,158.3500061,157.75,157.75,2970800
2017-05-25,164.1000061,160.5500031,161,163.0500031,163.0500031,8561000
2017-05-26,163.0500031,161.1199951,162.8399963,162.4299927,162.4299927,4834300
2017-05-30,164.75,162.7100067,163.6000061,163.2200012,163.2200012,4828600
2017-05-31,164,160.7400055,163.6100006,163.0700073,163.0700073,5328900
2017-06-01,163.9299927,161.6999969,163.5200043,162.9900055,162.9900055,3896300
2017-06-02,165.3600006,162.8000031,163.4199982,165.1799927,165.1799927,4259100
2017-06-05,165.5,163.4299927,165.4900055,165.0599976,165.0599976,3875200
2017-06-06,166.8200073,164.5099945,164.9499969,165.1699982,165.1699982,4382100
2017-06-07,166.3999939,164.4100037,165.6000061,165.6100006,165.6100006,3353100
2017-06-08,166.8699951,164.8399963,166.1199951,165.8800049,165.8800049,3719100
2017-06-09,166.2700043,154.5,166.2700043,158.0299988,158.0299988,10292000
2017-06-12,155.5299988,148.3099976,155.3000031,151.4400024,151.4400024,14114500
2017-06-13,155.6799927,150.1300049,154.3800049,152.7200012,152.7200012,8484700
2017-06-14,155.6199951,150.2799988,154.3399963,152.1999969,152.1999969,6461800
2017-06-15,152.5599976,147.3000031,149.4400024,151.7599945,151.7599945,7319700
2017-06-16,153.5299988,150.3899994,151.4499969,152.3800049,152.3800049,6909700
2017-06-19,155.5800018,152.4100037,154.2899933,153.3999939,153.3999939,6544300
2017-06-20,154.5,151.3999939,153.6799927,152.0500031,152.0500031,4878700
2017-06-21,155.3800049,152.2599945,152.5,155.0299988,155.0299988,5803400
2017-06-22,155.1999969,153.6999969,155.1300049,154.8899994,154.8899994,3769200
2017-06-23,158.1900024,153.7599945,155.0099945,158.0200043,158.0200043,6250800
2017-06-26,159.9700012,156.5599976,158.7799988,157.5,157.5,6016000
2017-06-27,156.9799957,150.7200012,156.6199951,151.0299988,151.0299988,7424300
2017-06-28,154.1999969,150.1199951,151.6399994,153.4100037,153.4100037,5589900
2017-06-29,152.8200073,148,152.8200073,150.0899963,150.0899963,7142500
2017-06-30,150.7100067,148.4199982,149.7599945,149.4100037,149.4100037,5213300
2017-07-03,150.4499969,145.8000031,149.8000031,146.1699982,146.1699982,3908200
2017-07-05,148.2599945,145.5800018,146.5800018,147.6100006,147.6100006,4627800
2017-07-06,147.2700043,144.25,146.1300049,146.25,146.25,5486500
2017-07-07,150.75,146.6499939,146.6499939,150.1799927,150.1799927,5561300
2017-07-10,153.2299957,149.6499939,150.3399963,152.6699982,152.6699982,5360600
2017-07-11,155.2299957,151.5500031,152.3699951,154.3300018,154.3300018,4898600
2017-07-12,158.8000031,155.7700043,155.7700043,158.75,158.75,8481800
2017-07-13,160.1300049,156.9799957,158.5099945,158.2100067,158.2100067,6700100
2017-07-14,161.3500061,157.9700012,159.3000031,161.1199951,161.1199951,5549200
2017-07-17,163.5500031,160.0200043,162.9100037,161.6999969,161.6999969,17496700
2017-07-18,185,174.2400055,176.1199951,183.6000061,183.6000061,41587400
2017-07-19,187.1699982,181.75,182.9700012,183.8600006,183.8600006,17344300
2017-07-20,185.9199982,182.6999969,183.8399963,183.6000061,183.6000061,7907200
2017-07-21,191.5,182.7100067,182.7200012,188.5399933,188.5399933,9277400
2017-07-24,190.25,187.0099945,188.6900024,187.9100037,187.9100037,8797300
2017-07-25,188.6600037,185.8099976,187.7899933,186.9700012,186.9700012,5374500
2017-07-26,189.6999969,187.5099945,187.6999969,189.0800018,189.0800018,4479300
2017-07-27,190,179.3800049,189.8899994,182.6799927,182.6799927,11221000
2017-07-28,185.0299988,181.1799927,182,184.0399933,184.0399933,6201900
2017-07-31,184.9700012,180.6499939,184.2599945,181.6600037,181.6600037,4883600
2017-08-01,184.6199951,181.4299927,182.4900055,182.0299988,182.0299988,5112700
2017-08-02,182.5700073,177.8099976,182.2200012,180.7400055,180.7400055,5771300
2017-08-03,181.2200012,178.0200043,180.5299988,179.2299957,179.2299957,4627700
2017-08-04,181,178.5,179.6000061,180.2700043,180.2700043,4491100
2017-08-07,182.2700043,179.1000061,181,181.3300018,181.3300018,4609800
2017-08-08,181.9100037,177.4499969,181.3699951,178.3600006,178.3600006,6104000
2017-08-09,175.9600067,170.0099945,171.4299927,175.7799988,175.7799988,9670500
2017-08-10,174.4499969,167.6000061,174.0299988,169.1399994,169.1399994,9693100
2017-08-11,172.5800018,169,169.8600006,171.3999939,171.3999939,5022300
2017-08-14,172.4499969,168.8000031,169.8000031,171,171,7468400
2017-08-15,171.8800049,168.25,171.5299988,168.5,168.5,5656100
2017-08-16,170.5,166.25,167.5,169.9799957,169.9799957,7013600
2017-08-17,170.5800018,165.7200012,169.2299957,166.0899963,166.0899963,5229200
2017-08-18,169.9700012,165.8000031,165.9499969,166.5399933,166.5399933,7385700
2017-08-21,168.9900055,164.2299957,166.9100037,166.7599945,166.7599945,6480700
2017-08-22,169.9299927,167.0399933,167.7599945,169.3399963,169.3399963,4886300
2017-08-23,169.6399994,166.6999969,168.3500061,169.0599976,169.0599976,4632300
2017-08-24,171.2400055,166.1499939,169.8600006,168.1300049,168.1300049,5361700
2017-08-25,168.75,165.5,168.5800018,165.9499969,165.9499969,4064000
2017-08-28,168.6699982,165.6000061,166.4299927,167.1199951,167.1199951,3657300
2017-08-29,169.6799927,164.7299957,165,168.8099976,168.8099976,4620900
2017-08-30,174.8500061,169.3699951,169.5,174.6900024,174.6900024,8034700
2017-08-31,176.2400055,173.8600006,175.4499969,174.7100067,174.7100067,6941000
2017-09-01,176.4799957,173.9199982,175.5500031,174.7400055,174.7400055,3813000
2017-09-05,175.8800049,172.4400024,173.3999939,174.5200043,174.5200043,4589500
2017-09-06,179.4600067,173.7299957,175.25,179.25,179.25,8742600
2017-09-07,180.3500061,177.1000061,178.8000031,179,179,6036100
2017-09-08,180.3899994,176.25,178.4499969,176.4199982,176.4199982,4590800
2017-09-11,182.4700012,178.0299988,178.1000061,181.7400055,181.7400055,5979400
2017-09-12,185.3300018,180.6399994,182.5500031,185.1499939,185.1499939,6689600
2017-09-13,184.5,182.5500031,184.0700073,183.6399994,183.6399994,4320300
2017-09-14,185.2899933,182.0700073,183.25,182.6300049,182.6300049,4510700
2017-09-15,184.9299927,181.4299927,182.7299957,182.3500061,182.3500061,5591700
2017-09-18,185.4499969,182.7299957,183.6100006,184.6199951,184.6199951,5359600
2017-09-19,186.2299957,184.1699982,184.9799957,185.6799927,185.6799927,4982100
2017-09-20,186.5,183.1999969,186.1000061,185.5099945,185.5099945,4625000
2017-09-21,189.9499969,184.5099945,185.8200073,188.7799988,188.7799988,7148100
2017-09-22,189.8500061,186.3899994,188.3999939,187.3500061,187.3500061,5464300
2017-09-25,186.5500031,177.6999969,186.4600067,178.5500031,178.5500031,9367200
2017-09-26,180.9499969,176.5500031,180.6999969,179.3800049,179.3800049,5602500
2017-09-27,183.3399963,180.6999969,181.0099945,181.9700012,181.9700012,5710500
2017-09-28,181.9499969,179.3600006,181.25,180.6999969,180.6999969,4077000
2017-09-29,182.8999939,180.6499939,180.7299957,181.3500061,181.3500061,4227900
2017-10-02,182.8000031,176.5800018,182.1100006,177.0099945,177.0099945,7342000
2017-10-03,179.6999969,177.5500031,177.6499939,179.1900024,179.1900024,3956900
2017-10-04,186.6999969,181.25,181.4100037,184.4499969,184.4499969,9235900
2017-10-05,194.4900055,184.4900055,185.6499939,194.3899994,194.3899994,19412700
2017-10-06,198.9199982,192.0500031,194.3000031,198.0200043,198.0200043,15348400
2017-10-09,199.3999939,196.5599976,199.1000061,196.8699951,196.8699951,6971700
2017-10-10,198.3000031,192.1000061,197.8500061,195.0800018,195.0800018,6233800
2017-10-11,196.2200012,193.8099976,195.5700073,194.9499969,194.9499969,6450200
2017-10-12,198.6199951,194.7100067,196.75,195.8600006,195.8600006,7753300
2017-10-13,200.8200073,197.1900024,199.6999969,199.4900055,199.4900055,12081300
2017-10-16,202.8300018,197.8600006,201.9499969,202.6799927,202.6799927,22105400
2017-10-17,204.3800049,197.7700043,200.1100006,199.4799957,199.4799957,23900100
2017-10-18,200.0099945,194.25,199.9900055,195.5399933,195.5399933,11198900
2017-10-19,195.25,191.1600037,193.0099945,195.1300049,195.1300049,7034600
2017-10-20,196.3800049,193.7700043,195.8999939,194.1600037,194.1600037,5995600
2017-10-23,194.8999939,191.0299988,194.1699982,192.4700012,192.4700012,6980000
2017-10-24,196.7400055,191.3999939,192.75,196.0200043,196.0200043,7069100
2017-10-25,197.0599976,193.0099945,195.3800049,193.7700043,193.7700043,5315300
2017-10-26,197.6100006,194.0800018,194.6600037,195.2100067,195.2100067,5185800
2017-10-27,200.6499939,196.2200012,197.1999969,199.5399933,199.5399933,8128600
2017-10-30,201.1000061,197.0700073,199.6199951,198.3699951,198.3699951,5439600
2017-10-31,198.5899963,195.2200012,198.2100067,196.4299927,196.4299927,5518600
2017-11-01,199.1999969,196,197.2400055,198,198,5017400
2017-11-02,199.4400024,197.0899963,197.4499969,199.3200073,199.3200073,3606300
2017-11-03,200.5500031,197.9900055,199.8000031,200.0099945,200.0099945,3678800
2017-11-06,202.4799957,198.0899963,200,200.1300049,200.1300049,5846600
2017-11-07,200.6100006,194.8000031,200,195.8899994,195.8899994,6468000
2017-11-08,197.0899963,194.7400055,196,196.4400024,196.4400024,4237400
2017-11-09,194.4900055,190.8099976,194.4600067,193.8999939,193.8999939,5979900
2017-11-10,192.5899963,189.5,191.6100006,192.0200043,192.0200043,6622200
2017-11-13,196.0500031,191,191.1199951,195.0800018,195.0800018,4607000
2017-11-14,195.8800049,193,193.6399994,195.7100067,195.7100067,3450500
2017-11-15,195.4199982,191.5299988,194.5399933,192.1199951,192.1199951,4203100
2017-11-16,197.6999969,193.75,194.3300018,195.5099945,195.5099945,5678400
2017-11-17,195.9499969,192.6499939,195.7400055,193.1999969,193.1999969,3906300
2017-11-20,194.3200073,191.8999939,193.3000031,194.1000061,194.1000061,3827500
2017-11-21,197.5200043,194.9700012,195.0399933,196.2299957,196.2299957,4787300
2017-11-22,196.75,193.6300049,196.5800018,196.3200073,196.3200073,5895400
2017-11-24,196.8999939,195.3300018,196.6499939,195.75,195.75,2160500
2017-11-27,195.8500061,194,195.5599976,195.0500031,195.0500031,3210100
2017-11-28,199.6799927,194.0099945,195.3399963,199.1799927,199.1799927,6981100
2017-11-29,199.0299988,184.3200073,198.9100037,188.1499939,188.1499939,14202700
2017-11-30,190.8600006,186.6799927,190.3099976,187.5800018,187.5800018,6630100
2017-12-01,189.8000031,185,186.9900055,186.8200073,186.8200073,6219500
2017-12-04,189.7200012,178.3800049,189.3600006,184.0399933,184.0399933,9069800
2017-12-05,188.1399994,181.1900024,183.5,184.2100067,184.2100067,5783700
2017-12-06,186.4799957,182.8800049,183.3800049,185.3000031,185.3000031,5490100
2017-12-07,187.3399963,183.2200012,185.7100067,185.1999969,185.1999969,4659500
2017-12-08,189.4199982,186.3000031,186.5,188.5399933,188.5399933,4987300
2017-12-11,189.4199982,185.9100037,187.8500061,186.2200012,186.2200012,5298600
2017-12-12,187.8500061,184.8200073,186.0099945,185.7299957,185.7299957,4265900
2017-12-13,188.6900024,185.4100037,186.1000061,187.8600006,187.8600006,4710000
2017-12-14,192.6399994,187.1999969,187.9799957,189.5599976,189.5599976,7792800
2017-12-15,191.4299927,188.0099945,189.6100006,190.1199951,190.1199951,7285600
2017-12-18,191.6499939,188.8999939,191.1999969,190.4199982,190.4199982,5011000
2017-12-19,190.3000031,185.75,190.1799927,187.0200043,187.0200043,7033000
2017-12-20,189.1100006,185.2599945,187.9400024,188.8200073,188.8200073,6545400
2017-12-21,190.9499969,187.5800018,189.4400024,188.6199951,188.6199951,4729800
2017-12-22,190.9499969,186.8000031,188.3300018,189.9400024,189.9400024,3878900
2017-12-26,189.9400024,186.3999939,189.7799988,187.7599945,187.7599945,3045700
2017-12-27,188.1000061,185.2200012,187.8000031,186.2400055,186.2400055,4002100
2017-12-28,194.4900055,186.8500061,187.1799927,192.7100067,192.7100067,10107400
2017-12-29,193.9499969,191.2200012,192.5099945,191.9600067,191.9600067,5187600
2018-01-02,201.6499939,195.4199982,196.1000061,201.0700073,201.0700073,10966900
2018-01-03,206.2100067,201.5,202.0500031,205.0500031,205.0500031,8591400
2018-01-04,207.0500031,204,206.1999969,205.6300049,205.6300049,6029600
2018-01-05,210.0200043,205.5899963,207.25,209.9900055,209.9900055,7033200
2018-01-08,212.5,208.4400024,210.0200043,212.0500031,212.0500031,5580200
2018-01-09,212.9799957,208.5899963,212.1100006,209.3099976,209.3099976,6125900
2018-01-10,213.6399994,206.9100037,207.5700073,212.5200043,212.5200043,5951500
2018-01-11,217.75,213.3500061,214.2899933,217.2400055,217.2400055,7659500
2018-01-12,222.5500031,216,217.1799927,221.2299957,221.2299957,8199400
2018-01-16,226.0700073,217.1999969,224.2400055,221.5299988,221.5299988,13516100
2018-01-17,221.1499939,216.3200073,221,217.5,217.5,9123100
2018-01-18,220.5800018,216.5500031,220.3399963,220.3300018,220.3300018,8225300
2018-01-19,223.4900055,218.5,222.75,220.4600067,220.4600067,10548600
2018-01-22,227.7899933,221.1999969,222,227.5800018,227.5800018,17703300
2018-01-23,257.7099915,248.0200043,255.0500031,250.2899933,250.2899933,27705300
2018-01-24,261.7099915,249.3099976,250.8800049,261.2999878,261.2999878,17352400
2018-01-25,272.2999878,260.230011,263,269.7000122,269.7000122,15336400
2018-01-26,274.6000061,268.7600098,271.4899902,274.6000061,274.6000061,11021800
2018-01-29,286.8099976,273.9200134,274.2000122,284.5899963,284.5899963,17529700
2018-01-30,282.730011,272.7000122,277,278.7999878,278.7999878,12482900
2018-01-31,282.2900085,269.5799866,281.9400024,270.2999878,270.2999878,11695100
2018-02-01,271.9500122,263.3800049,266.4100037,265.0700073,265.0700073,9669000
2018-02-02,270.6199951,262.7099915,263,267.4299927,267.4299927,9123600
2018-02-05,267.8999939,250.0299988,262,254.2599945,254.2599945,11896100
2018-02-06,266.7000122,245,247.6999969,265.7200012,265.7200012,12595800
2018-02-07,272.4500122,264.3299866,266.5799866,264.5599976,264.5599976,8981500
2018-02-08,267.6199951,250,267.0799866,250.1000061,250.1000061,9306700
2018-02-09,255.8000031,236.1100006,253.8500061,249.4700012,249.4700012,16906900
2018-02-12,259.1499939,249,252.1399994,257.9500122,257.9500122,8534900
2018-02-13,261.4100037,254.6999969,257.2900085,258.269989,258.269989,6855200
2018-02-14,269.8800049,260.3299866,260.4700012,266,266,10972000
2018-02-15,280.5,267.6300049,270.0299988,280.269989,280.269989,10759700
2018-02-16,281.9599915,275.6900024,278.730011,278.519989,278.519989,8312400
2018-02-20,285.8099976,276.6099854,277.7399902,278.5499878,278.5499878,7769000
2018-02-21,286.6400146,280.0100098,282.0700073,281.0400085,281.0400085,9371100
2018-02-22,284.5,274.4500122,283.8800049,278.1400146,278.1400146,8891500
2018-02-23,286,277.8099976,281,285.9299927,285.9299927,7301800
2018-02-26,295.6499939,287.0100098,288.75,294.1600037,294.1600037,10268600
2018-02-27,297.3599854,290.5899963,294.769989,290.6099854,290.6099854,9416500
2018-02-28,295.75,290.7799988,293.1000061,291.3800049,291.3800049,7653500
2018-03-01,295.25,283.8299866,292.75,290.3900146,290.3900146,11932100
2018-03-02,301.1799927,283.230011,284.6499939,301.0499878,301.0499878,13345300
2018-03-05,316.9100037,297.6000061,302.8500061,315,315,18986100
2018-03-06,325.7900085,316.5,319.8800049,325.2200012,325.2200012,18525800
2018-03-07,323.7399902,314.5499878,320,321.1600037,321.1600037,17132200
2018-03-08,322.9200134,314.1300049,322.2000122,317,317,11340100
2018-03-09,331.4400024,320.230011,321.3299866,331.4400024,331.4400024,14500200
2018-03-12,333.980011,318.6000061,333.5599976,321.2999878,321.2999878,20369200
2018-03-13,325.8399963,313.2799988,323.8699951,315.8800049,315.8800049,12917200
2018-03-14,323.8800049,317.7000122,318.1600037,321.5499878,321.5499878,10475100
2018-03-15,323.3999939,318.1400146,323.1700134,321.0899963,321.0899963,5642900
2018-03-16,324.1099854,318.3699951,321.4200134,318.4500122,318.4500122,7333700
2018-03-19,317,307.3399963,315.7999878,313.480011,313.480011,9925200
2018-03-20,319.5,312.7999878,313.2600098,317.5,317.5,5991900
2018-03-21,319.3999939,314.5100098,316.3500061,316.480011,316.480011,5263900
2018-03-22,314.1199951,305.6600037,313.0700073,306.7000122,306.7000122,8063300
2018-03-23,309.3699951,300.3599854,307.4100037,300.9400024,300.9400024,9529900
2018-03-26,321.0299988,302,309.3599854,320.3500061,320.3500061,11988300
2018-03-27,322.8999939,297,322.4899902,300.6900024,300.6900024,12068600
2018-03-28,298.7999878,281.6099854,298.3900146,285.769989,285.769989,18972900
2018-03-29,295.3500061,275.8999939,287,295.3500061,295.3500061,19145500
2018-04-02,292.8699951,275.0499878,291.9400024,280.2900085,280.2900085,13405800
2018-04-03,291.25,278.0100098,285.4500122,283.6700134,283.6700134,12694900
2018-04-04,290.3099976,271.2200012,273.6300049,288.9400024,288.9400024,12914000
2018-04-05,299.1600037,289.1099854,293.1499939,293.9700012,293.9700012,10655200
2018-04-06,298.8500061,285.6499939,289.1000061,288.8500061,288.8500061,11444800
2018-04-09,299.5499878,289.1199951,291.769989,289.9299927,289.9299927,9853600
2018-04-10,298.9500122,291.6900024,297.6799927,298.0700073,298.0700073,10660500
2018-04-11,311.6400146,301.8200073,302.8800049,303.6700134,303.6700134,14877400
2018-04-12,311.1300049,306.75,309.7200012,309.25,309.25,10249400
2018-04-13,317.4899902,308.230011,317.2900085,311.6499939,311.6499939,12046600
2018-04-16,316.1000061,304,315.9899902,307.7799988,307.7799988,20307900
2018-04-17,338.6199951,323.769989,329.6600037,336.0599976,336.0599976,33866500
2018-04-18,338.8200073,331.1000061,336.2999878,334.519989,334.519989,11221100
2018-04-19,335.3099976,326.769989,332.8800049,332.7000122,332.7000122,8438800
2018-04-20,336.5100098,326,332.2200012,327.769989,327.769989,9158700
2018-04-23,331.2200012,317.0799866,329.1499939,318.6900024,318.6900024,8968000
2018-04-24,320.25,302.3099976,319.2200012,307.019989,307.019989,13893200
2018-04-25,309.980011,292.6199951,306.3699951,305.7600098,305.7600098,14919700
2018-04-26,316.6300049,305.5799866,310,313.980011,313.980011,9266700
2018-04-27,317.4500122,306.5,316.25,311.7600098,311.7600098,7074400
2018-04-30,317.8800049,310.1199951,311.0700073,312.4599915,312.4599915,6088800
2018-05-01,313.480011,306.6900024,310.3599854,313.2999878,313.2999878,6036600
2018-05-02,317.1000061,310.3999939,311.6499939,313.3599854,313.3599854,5697100
2018-05-03,312.5899963,305.730011,312.5899963,311.6900024,311.6900024,6135800
2018-05-04,320.980011,307.6700134,308.7099915,320.0899963,320.0899963,8209500
2018-05-07,329.019989,319.3399963,321.9899902,326.2600098,326.2600098,7117800
2018-05-08,327.3500061,323.0499878,325.8999939,326.8900146,326.8900146,4735700
2018-05-09,331.9500122,327.5100098,328.7900085,330.2999878,330.2999878,5633400
2018-05-10,332.0599976,327.3399963,331.5,329.6000061,329.6000061,5302300
2018-05-11,331.2600098,324.8699951,329.6499939,326.4599915,326.4599915,4589700
2018-05-14,330.5,327.0400085,327.25,328.5299988,328.5299988,4089800
2018-05-15,326.9400024,322.4299927,325.9400024,326.1300049,326.1300049,4746100
2018-05-16,329.7200012,325.1400146,326.2799988,328.1900024,328.1900024,3671700
2018-05-17,330.4500122,323.1700134,327.5299988,325.2200012,325.2200012,4935700
2018-05-18,326.4200134,322.7999878,324.8999939,324.1799927,324.1799927,3577700
2018-05-21,331.8800049,325.4500122,327.1099854,331.8200073,331.8200073,6657300
2018-05-22,336.6300049,331.1499939,334.0499878,331.6199951,331.6199951,5964400
2018-05-23,345,328.0899963,329.0400085,344.7200012,344.7200012,10049100
2018-05-24,354,341.1199951,344.3399963,349.2900085,349.2900085,14758600
2018-05-25,354.3599854,348.8299866,349.8999939,351.2900085,351.2900085,7817400
2018-05-29,356.1000061,346.7099915,351.5,349.730011,349.730011,9717900
2018-05-30,354,349.2600098,352.3699951,353.5400085,353.5400085,5685500
2018-05-31,355.5299988,350.2099915,353.7999878,351.6000061,351.6000061,6921700
2018-06-01,359.9899902,352.8200073,353.8800049,359.9299927,359.9299927,7112300
2018-06-04,363,355.5100098,362.6799927,361.8099976,361.8099976,7682000
2018-06-05,369.8299866,361.4100037,363.3200073,365.7999878,365.7999878,8358000
2018-06-06,369.6799927,363.3299866,367.7799988,367.4500122,367.4500122,7712300
2018-06-07,368.7000122,357.7999878,368.5400085,361.3999939,361.3999939,8278000
2018-06-08,362.3900146,356.25,358.0599976,360.5700073,360.5700073,5225700
2018-06-11,365.6700134,360.9100037,361.8800049,361.4500122,361.4500122,4432400
2018-06-12,365.980011,362,363.6000061,363.8299866,363.8299866,4291000
2018-06-13,384.25,364.1099854,367.5299988,379.9299927,379.9299927,18222800
2018-06-14,395.0299988,383.25,384.269989,392.8699951,392.8699951,14598300
2018-06-15,398.8599854,387.5100098,390.7099915,391.980011,391.980011,13588100
2018-06-18,393.1600037,386.5,387.7200012,390.3999939,390.3999939,6824800
2018-06-19,405.2900085,388.5,389.5,404.980011,404.980011,16697100
2018-06-20,419.4700012,409.6000061,415.1499939,416.7600098,416.7600098,16494600
2018-06-21,423.2099915,406.3699951,421.3800049,415.4400024,415.4400024,18389900
2018-06-22,420.5,409.6499939,419.980011,411.0899963,411.0899963,10428600
2018-06-25,405.9899902,378.75,404.6900024,384.480011,384.480011,22490900
2018-06-26,404.7799988,389.0499878,393.2799988,399.3900146,399.3900146,15191200
2018-06-27,411.5899963,390,407.5599976,390.3900146,390.3900146,16541400
2018-06-28,396.8999939,387.1000061,395,395.4200134,395.4200134,12219900
2018-06-29,401.3299866,390.5499878,399.1900024,391.4299927,391.4299927,9252500
2018-07-02,398.3800049,380,385.4500122,398.1799927,398.1799927,8142500
2018-07-03,399.980011,389.5,399.4899902,390.519989,390.519989,5280300
2018-07-05,399.2399902,390.8599854,393.7999878,398.3900146,398.3900146,8448900
2018-07-06,408.6499939,395.519989,397.4500122,408.25,408.25,8629600
2018-07-09,419.1199951,411.1000061,415.9500122,418.9700012,418.9700012,11127500
2018-07-10,419.4400024,413.0799866,417.2399902,415.6300049,415.6300049,9382900
2018-07-11,419.769989,410.6000061,411.3399963,418.6499939,418.6499939,9713900
2018-07-12,416.7900085,407.7999878,415.1600037,413.5,413.5,12743300
2018-07-13,410,395.0799866,409.1900024,395.7999878,395.7999878,15719000
2018-07-16,403.3599854,391.75,398.980011,400.480011,400.480011,22960000
2018-07-17,385,344,346.9500122,379.480011,379.480011,58410400
2018-07-18,383.1300049,372.3599854,381.2399902,375.1300049,375.1300049,21746300
2018-07-19,375.75,363,371.0599976,364.230011,364.230011,16878700
2018-07-20,370.5,360.1400146,364.9200134,361.0499878,361.0499878,15096700
2018-07-23,363.8999939,353.6000061,359.1499939,362.6600037,362.6600037,11505200
2018-07-24,367.3999939,354.5599976,366.9400024,357.3200073,357.3200073,12851500
2018-07-25,363.2799988,355.6499939,357.5700073,362.8699951,362.8699951,8467800
2018-07-26,365.5400085,356.6300049,358.1900024,363.0899963,363.0899963,6993700
2018-07-27,367,351.6499939,366.8500061,355.2099915,355.2099915,8949500
2018-07-30,352.0299988,334.019989,351.9299927,334.9599915,334.9599915,18260700
2018-07-31,342.5,328,331.5100098,337.4500122,337.4500122,14085400
2018-08-01,344.4100037,334.019989,335.8699951,338.3800049,338.3800049,7790500
2018-08-02,345,334.7099915,337.230011,344.5,344.5,7131300
2018-08-03,347.8599854,338.480011,347.75,343.0899963,343.0899963,8848400
2018-08-06,351.980011,341.7399902,342.8699951,350.9200134,350.9200134,8198100
2018-08-07,357.3099976,349.0100098,353.230011,351.8299866,351.8299866,7970900
2018-08-08,352.2900085,346.6099854,352.2099915,347.6099854,347.6099854,5394700
2018-08-09,352.4400024,345.8200073,347.9599915,349.3599854,349.3599854,4820300
2018-08-10,349.1000061,344.4200134,346.9100037,345.8699951,345.8699951,4328400
2018-08-13,347.1900024,339.0700073,339.8900146,341.3099976,341.3099976,6888900
2018-08-14,342.4100037,336.25,342.0899963,337.4899902,337.4899902,5805200
2018-08-15,335.5,321,334.0299988,326.3999939,326.3999939,11784500
2018-08-16,331.1700134,321.2099915,329.8999939,322.4400024,322.4400024,6689700
2018-08-17,324.3699951,312.9599915,319.0100098,316.7799988,316.7799988,10407900
2018-08-20,331.6000061,310.9299927,314.6400146,327.730011,327.730011,13591100
2018-08-21,341.5,329.7000122,331,338.019989,338.019989,14783200
2018-08-22,346.2099915,337.4100037,338.4899902,344.4400024,344.4400024,8930700
2018-08-23,350.0799866,337.6499939,348.1099854,339.1700134,339.1700134,11336400
2018-08-24,359.1499939,344.5400085,346,358.8200073,358.8200073,14729100
2018-08-27,374.4899902,360,367.1499939,364.5799866,364.5799866,17427300
2018-08-28,369.9899902,360.3800049,367.230011,368.4899902,368.4899902,9222600
2018-08-29,369.8599854,362.9100037,367.2000122,368.0400085,368.0400085,8118700
2018-08-30,376.8099976,363.5400085,365,370.980011,370.980011,10981000
2018-08-31,376,367.0799866,370.6600037,367.6799927,367.6799927,7943400
2018-09-04,368.8800049,361.2600098,366.4700012,363.6000061,363.6000061,7605200
2018-09-05,363.3900146,335.8299866,360,341.1799927,341.1799927,13092800
2018-09-06,356,341.9899902,347.4400024,346.4599915,346.4599915,13050200
2018-09-07,355.75,341.25,342.2000122,348.6799927,348.6799927,9105800
2018-09-10,352.5,343.0799866,352.269989,348.4100037,348.4100037,5752200
2018-09-11,356.1499939,343.8999939,344.6700134,355.9299927,355.9299927,6198100
2018-09-12,370.4299927,356.2399902,359.0799866,369.9500122,369.9500122,10480800
2018-09-13,374.0899963,366.8399963,371.9100037,368.1499939,368.1499939,8366100
2018-09-14,371.0899963,363.4599915,368.5499878,364.5599976,364.5599976,4756400
2018-09-17,367.3299866,349.5700073,364.2200012,350.3500061,350.3500061,7071900
2018-09-18,368.1499939,351.5599976,353.6700134,367.6499939,367.6499939,10414000
2018-09-19,377.6099854,359.1700134,373.9500122,366.9599915,366.9599915,11876800
2018-09-20,370.2600098,363.1700134,370.2600098,365.3599854,365.3599854,6768100
2018-09-21,372.2200012,360.7399902,366.5899963,361.1900024,361.1900024,11930600
2018-09-24,373.6400146,354.3299866,359,369.6099854,369.6099854,9322500
2018-09-25,371.3399963,364.4899902,370.230011,369.4299927,369.4299927,6799800
2018-09-26,382,370.8800049,373.5899963,377.8800049,377.8800049,13799700
2018-09-27,383.2000122,376,379.8699951,380.7099915,380.7099915,7326200
2018-09-28,380.7999878,373.730011,379.2399902,374.1300049,374.1300049,7114900
2018-10-01,386.1099854,375.5899963,375.8500061,381.4299927,381.4299927,8376600
2018-10-02,386.7999878,373.8299866,384.3800049,377.1400146,377.1400146,8638700
2018-10-03,380.9299927,374.8800049,378.5299988,377.0499878,377.0499878,5798600
2018-10-04,375.9200134,360.3999939,375.8800049,363.6499939,363.6499939,9074400
2018-10-05,363.5,343,359.769989,351.3500061,351.3500061,13523000
2018-10-08,352.9500122,338.1099854,345.1799927,349.1000061,349.1000061,12375500
2018-10-09,358.7200012,347.0899963,348.480011,355.7099915,355.7099915,8755000
2018-10-10,355.1499939,325.3900146,353.519989,325.8900146,325.8900146,17183100
2018-10-11,334.2000122,315.8099976,324.9400024,321.1000061,321.1000061,16082100
2018-10-12,341.2999878,328.8999939,339.5700073,339.5599976,339.5599976,14870800
2018-10-15,339.2099915,326.9299927,337.6300049,333.1300049,333.1300049,11215000
2018-10-16,347.9500122,330.5599976,337.2399902,346.3999939,346.3999939,20156400
2018-10-17,380,356.5,378.3299866,364.7000122,364.7000122,32610900
2018-10-18,362.2000122,346.0499878,360.6700134,346.7099915,346.7099915,18461000
2018-10-19,355.7999878,332.2000122,351,332.6700134,332.6700134,16717200
2018-10-22,335.7999878,320.3399963,333.1000061,329.5400085,329.5400085,17097200
2018-10-23,336.5799866,316.769989,318,333.1600037,333.1600037,14907300
2018-10-24,333,300.730011,332.2799988,301.8299866,301.8299866,19039300
2018-10-25,319.9400024,305.25,307.1199951,312.8699951,312.8699951,13346900
2018-10-26,313.9899902,292.2999878,300.5100098,299.8299866,299.8299866,19616000
2018-10-29,307.8900146,275.3999939,305.2600098,284.8399963,284.8399963,21698800
2018-10-30,290.519989,271.2099915,275.5700073,285.8099976,285.8099976,23685700
2018-10-31,311.5,295.0499878,297.769989,301.7799988,301.7799988,20360300
2018-11-01,318.4500122,296.6700134,304.5899963,317.3800049,317.3800049,15121500
2018-11-02,321.8800049,308.3299866,318,309.1000061,309.1000061,13404600
2018-11-05,317.5299988,303.7399902,311.1000061,315.4400024,315.4400024,10283000
2018-11-06,320.2200012,305.2999878,314.7600098,310.8399963,310.8399963,9710400
2018-11-07,328.5599976,311,312.8999939,327.5,327.5,13328300
2018-11-08,332.0499878,316.6099854,328,317.9200134,317.9200134,11023900
2018-11-09,312.980011,298.0100098,311.0700073,303.4700012,303.4700012,13480800
2018-11-12,302.4899902,290.6300049,300,294.0700073,294.0700073,10924800
2018-11-13,303.5499878,289.1000061,295,294.3999939,294.3999939,12232200
2018-11-14,301.8399963,278.2999878,300.3999939,286.730011,286.730011,16853600
2018-11-15,292.5,282.1600037,285.5100098,290.0599976,290.0599976,9967100
2018-11-16,291.7200012,281,287.1400146,286.2099915,286.2099915,9099500
2018-11-19,285.0899963,269.1499939,283.7900085,270.6000061,270.6000061,12993800
2018-11-20,276.3399963,250,254.6300049,266.980011,266.980011,16693800
2018-11-21,275.3399963,261.5100098,274.4200134,262.1300049,262.1300049,11023000
2018-11-23,265.5,256.8399963,260.1099854,258.8200073,258.8200073,5245100
2018-11-26,266.25,253.8000031,260.5499878,261.4299927,261.4299927,12498600
2018-11-27,269.0799866,256.1400146,259.2399902,266.6300049,266.6300049,11149500
2018-11-28,284,263.3399963,271.980011,282.6499939,282.6499939,14801300
2018-11-29,290.4899902,275.5,282.3200073,288.75,288.75,15431500
2018-11-30,290.8099976,283.0599976,288,286.1300049,286.1300049,11860100
2018-12-03,298.7200012,284.5799866,293.1900024,290.2999878,290.2999878,14117400
2018-12-04,295.7399902,274.7200012,288.1300049,275.3299866,275.3299866,12800600
2018-12-06,283.2200012,267.1400146,268.3299866,282.8800049,282.8800049,13074300
2018-12-07,284.2099915,263.3800049,282.480011,265.1400146,265.1400146,12466700
2018-12-10,271.1799927,260.6099854,264.1900024,269.7000122,269.7000122,9605600
2018-12-11,274.5,262.7600098,274.0799866,265.3200073,265.3200073,9843200
2018-12-12,281.769989,266.480011,267.6600037,274.8800049,274.8800049,11456700
2018-12-13,279.3200073,271.8500061,277.6400146,276.019989,276.019989,8379300
2018-12-14,277.6700134,265,271.8099976,266.8399963,266.8399963,9915300
2018-12-17,272.980011,261.0799866,266.5100098,262.7999878,262.7999878,9634700
2018-12-18,275.75,263.2900085,263.2999878,270.9400024,270.9400024,10350100
2018-12-19,280.8699951,263.769989,269.9599915,266.769989,266.769989,13788400
2018-12-20,269.8999939,251.8800049,264.6400146,260.5799866,260.5799866,16792900
2018-12-21,264.5,241.2899933,263.8299866,246.3899994,246.3899994,21397600
2018-12-24,250.6499939,233.6799927,242,233.8800049,233.8800049,9547600
2018-12-26,254.5,231.2299957,233.9199982,253.6699982,253.6699982,14402700
2018-12-27,255.5899963,240.1000061,250.1100006,255.5700073,255.5700073,12235200
2018-12-28,261.9100037,249.8000031,257.9400024,256.0799866,256.0799866,10992800
2018-12-31,270.1000061,260,260.1600037,267.6600037,267.6600037,13508900
2019-01-02,269.75,256.5799866,259.2799988,267.6600037,267.6600037,11679500
2019-01-03,275.7900085,264.4299927,270.2000122,271.2000122,271.2000122,14969600
2019-01-04,297.7999878,278.5400085,281.8800049,297.5700073,297.5700073,19330100
2019-01-07,316.7999878,301.6499939,302.1000061,315.3399963,315.3399963,18620100
2019-01-08,320.5899963,308.0100098,319.980011,320.269989,320.269989,15359200
2019-01-09,323.3500061,313.5,317.7099915,319.9599915,319.9599915,13343200
2019-01-10,325.3699951,312.5,314.5700073,324.6600037,324.6600037,13472500
2019-01-11,341.0899963,328.519989,330.9599915,337.5899963,337.5899963,19500400
2019-01-14,335.480011,329.1300049,334.2399902,332.9400024,332.9400024,10499600
2019-01-15,357.2200012,347,349.6000061,354.6400146,354.6400146,21181200
2019-01-16,358.8500061,348.1099854,354,351.3900146,351.3900146,15385500
2019-01-17,355.7900085,346.4100037,349.5,353.1900024,353.1900024,18871200
2019-01-18,353,336.730011,351.9700012,339.1000061,339.1000061,26621000
2019-01-22,336.8800049,321.0299988,334.8900146,325.1600037,325.1600037,17941400
2019-01-23,331.75,318.6000061,328.25,321.9899902,321.9899902,13480100
2019-01-24,331.7999878,319,320.6000061,326.6700134,326.6700134,11131600
2019-01-25,340,328.5100098,328.7200012,338.0499878,338.0499878,11152900
2019-01-28,336.2999878,328.8800049,334.7000122,335.6600037,335.6600037,8652100
2019-01-29,338.2200012,328.1499939,335.8699951,328.8999939,328.8999939,7655200
2019-01-30,341.7799988,330.7999878,332.75,340.6600037,340.6600037,9234500
2019-01-31,345.9899902,338.0899963,339.6799927,339.5,339.5,8535500
2019-02-01,346.8399963,336.5,337.1799927,339.8500061,339.8500061,9827800
2019-02-04,352,341.2999878,342.6000061,351.3399963,351.3399963,9051400
2019-02-05,360,352.8999939,353.2000122,355.8099976,355.8099976,9046600
2019-02-06,357.0400085,347.1900024,357,352.1900024,352.1900024,6717700
2019-02-07,348.75,339.019989,347.8999939,344.7099915,344.7099915,7864500
2019-02-08,348,338,338,347.5700073,347.5700073,7561400
2019-02-11,352.8699951,344.8099976,350,345.730011,345.730011,5454900
2019-02-12,360,346.519989,348.0899963,359.9700012,359.9700012,10429400
2019-02-13,359.6000061,350.2799988,357.2999878,351.769989,351.769989,10559100
2019-02-14,360.4500122,348.3299866,351.75,359.0700073,359.0700073,9295300
2019-02-15,364.3999939,355.5,358.4700012,356.8699951,356.8699951,9230000
2019-02-19,365,355.3200073,355.7999878,361.9200134,361.9200134,7396600
2019-02-20,366.7099915,356.7000122,364.8500061,359.9100037,359.9100037,8110700
2019-02-21,362.8500061,353.8800049,360.0299988,356.9700012,356.9700012,6227900
2019-02-22,366.1300049,360.0499878,360.3399963,363.019989,363.019989,7088200
2019-02-25,371.4899902,363.7900085,367.0100098,363.9100037,363.9100037,7569300
2019-02-26,365.7000122,359.3299866,362.980011,364.9700012,364.9700012,4944600
2019-02-27,368.0299988,359.7999878,363.5,362.8699951,362.8699951,5629900
2019-02-28,366.3900146,357.7099915,362.4700012,358.1000061,358.1000061,6186800
2019-03-01,362.8699951,354.6900024,362.2600098,357.3200073,357.3200073,5526500
2019-03-04,362.25,348.0400085,359.7200012,351.0400085,351.0400085,7487000
2019-03-05,356.1700134,348.25,351.4599915,354.2999878,354.2999878,5937800
2019-03-06,359.8800049,351.7000122,353.6000061,359.6099854,359.6099854,6211900
2019-03-07,362.8599854,350.5,360.1600037,352.6000061,352.6000061,6151300
2019-03-08,349.9200134,342.4700012,345.75,349.6000061,349.6000061,6898800
2019-03-11,358.980011,350.0299988,352,358.8599854,358.8599854,5387300
2019-03-12,360.1300049,353.7999878,359.3699951,356.269989,356.269989,5164600
2019-03-13,362.480011,352.769989,355.8099976,361.2099915,361.2099915,6444100
2019-03-14,363.8399963,358.1000061,360.5,358.8200073,358.8200073,5271400
2019-03-15,364,358.8900146,361.019989,361.4599915,361.4599915,8444500
2019-03-18,370.9700012,361.8599854,362.4700012,363.4400024,363.4400024,7194700
2019-03-19,366.9599915,356.7999878,366.3999939,358.7799988,358.7799988,7541400
2019-03-20,375.8999939,357.0100098,358.9100037,375.2200012,375.2200012,10917200
2019-03-21,379,370.6099854,374,377.8699951,377.8699951,8544000
2019-03-22,376.4299927,360.0400085,375.9500122,361.0100098,361.0100098,8661300
2019-03-25,367.0400085,357.4400024,359,366.230011,366.230011,8473800
2019-03-26,368.3800049,358.019989,367.8699951,359.9700012,359.9700012,7666500
2019-03-27,362.4700012,350.3699951,361,353.3699951,353.3699951,7852400
2019-03-28,355.9400024,349.2000122,354.4899902,354.6099854,354.6099854,4361000
2019-03-29,358.25,353.7099915,357.1600037,356.5599976,356.5599976,4705600
2019-04-01,368.3299866,358.5100098,359,366.9599915,366.9599915,7036100
2019-04-02,368.4200134,362.2200012,366.25,367.7200012,367.7200012,5158700
2019-04-03,373.4100037,366.1900024,369.2600098,369.75,369.75,5368900
2019-04-04,372.0499878,362.3999939,370.0700073,367.8800049,367.8800049,4627300
2019-04-05,369.7999878,364.6600037,369,365.4899902,365.4899902,3905500
2019-04-08,365.9400024,359.9299927,365.1099854,361.4100037,361.4100037,4653800
2019-04-09,366.7399902,359,360.5400085,364.7099915,364.7099915,5439200
2019-04-10,368.8500061,362.25,365.7900085,363.9200134,363.9200134,4545600
2019-04-11,370.1199951,360.8099976,365,367.6499939,367.6499939,6526900
2019-04-12,361.75,349.3599854,360.6900024,351.1400146,351.1400146,15646200
2019-04-15,352.2099915,342.269989,350.7099915,348.8699951,348.8699951,8842300
2019-04-16,364.480011,352.7200012,355,359.4599915,359.4599915,18740200
2019-04-17,368.7600098,350.6000061,365.0499878,354.7399902,354.7399902,18054100
2019-04-18,360.4100037,351.6400146,355,360.3500061,360.3500061,8353200
2019-04-22,377.6900024,359,359.7000122,377.3399963,377.3399963,11980500
2019-04-23,384.7999878,374.7099915,375.4500122,381.8900146,381.8900146,10089800
2019-04-24,381.8999939,373.269989,381.0700073,374.230011,374.230011,6541900
2019-04-25,374.7600098,365.7000122,374.4899902,368.3299866,368.3299866,6255500
2019-04-26,375.1400146,366.2399902,368.3500061,374.8500061,374.8500061,5621900
2019-04-29,374.5799866,369.1199951,373.6799927,371.8299866,371.8299866,3821700
2019-04-30,374.5,368.3500061,369.5599976,370.5400085,370.5400085,3870100
2019-05-01,385.9899902,373.1700134,374,378.8099976,378.8099976,9257300
2019-05-02,383.5,374.5100098,378,379.0599976,379.0599976,5398200
2019-05-03,385.0299988,378.269989,381.5299988,385.0299988,385.0299988,5130300
2019-05-06,381.3500061,376,377.6900024,378.6700134,378.6700134,5793100
2019-05-07,379.9100037,365.8099976,377,370.4599915,370.4599915,6974900
2019-05-08,369,361.3599854,367.9200134,364.3699951,364.3699951,6572000
2019-05-09,364.2000122,352.75,360.8999939,362.75,362.75,5882600
2019-05-10,365.2600098,353.0599976,361.6199951,361.0400085,361.0400085,5657100
2019-05-13,354.2600098,343.1000061,352.2900085,345.2600098,345.2600098,8026700
2019-05-14,349.9500122,342.5,348.7099915,345.6099854,345.6099854,5353000
2019-05-15,356.5,341.3900146,343.3399963,354.9899902,354.9899902,6340100
2019-05-16,364,353.9400024,356.3699951,359.3099976,359.3099976,6441500
2019-05-17,359.6199951,353.7900085,356.3900146,354.4500122,354.4500122,4725400
2019-05-20,352.4200134,345.3999939,351.230011,348.1099854,348.1099854,4621500
2019-05-21,356.4299927,349.9299927,350.9500122,354.269989,354.269989,4026400
2019-05-22,370.4599915,357.2999878,358.0100098,359.730011,359.730011,6229400
2019-05-23,357.4200134,347.7000122,355.5,352.2099915,352.2099915,5630400
2019-05-24,359.4400024,353.7900085,355.4100037,354.3900146,354.3900146,3831000
2019-05-28,361.2000122,353.6499939,354.3900146,355.0599976,355.0599976,4717100
2019-05-29,353.8500061,345.8999939,353.6000061,349.1900024,349.1900024,5658900
2019-05-30,354.2099915,348.2999878,350.5499878,351.8500061,351.8500061,4008000
2019-05-31,349.3399963,342.9200134,347.2200012,343.2799988,343.2799988,5023400
2019-06-03,347.6600037,332.6499939,343.5599976,336.6300049,336.6300049,7849600
2019-06-04,353.6099854,343.25,345,353.3999939,353.3999939,7891600
2019-06-05,357.8800049,348.7099915,354.3800049,355.730011,355.730011,5020100
2019-06-06,358.2099915,352.0899963,354.8399963,357.1300049,357.1300049,3710000
2019-06-07,365.1499939,355.6900024,357.3900146,360.8699951,360.8699951,4777300
2019-06-10,367.1000061,349.2900085,363.6499939,352.0100098,352.0100098,7810300
2019-06-11,357.5799866,348.5,355,351.269989,351.269989,5396700
2019-06-12,353.6099854,343.230011,351.8200073,345.5599976,345.5599976,4584700
2019-06-13,348.5,339.25,347.230011,343.4299927,343.4299927,6209300
2019-06-14,343.3999939,336.1600037,341.6300049,339.730011,339.730011,5019000
2019-06-17,351.769989,342.0599976,342.6900024,350.6199951,350.6199951,5358200
2019-06-18,361.5,353.75,355.5700073,357.1199951,357.1199951,5428500
2019-06-19,364.7399902,356.1199951,361.7200012,363.519989,363.519989,5667200
2019-06-20,370.1199951,361.2200012,365.9100037,365.2099915,365.2099915,5899500
2019-06-21,371.4500122,365,365,369.2099915,369.2099915,7448400
2019-06-24,375,370.2000122,370.269989,371.0400085,371.0400085,4830200
2019-06-25,371,358.2900085,370.75,360.2999878,360.2999878,5750400
2019-06-26,366.7900085,361.6000061,361.6000061,362.2000122,362.2000122,3669700
2019-06-27,370.8500061,363.2000122,363.2000122,370.019989,370.019989,4138600
2019-06-28,371.5400085,364.8699951,370.2600098,367.3200073,367.3200073,4592700
2019-07-01,376.6600037,372,373.5,374.6000061,374.6000061,4992600
2019-07-02,376,370.3099976,374.8900146,375.4299927,375.4299927,3625000
2019-07-03,381.9899902,375.8399963,376.6900024,381.7200012,381.7200012,3799000
2019-07-05,381.3999939,375.5599976,378.2900085,380.5499878,380.5499878,3732200
2019-07-08,378.25,375.3599854,378.1900024,376.1600037,376.1600037,3113400
2019-07-09,384.7600098,377.5,379.0599976,379.9299927,379.9299927,6932800
2019-07-10,384.3399963,362.6799927,382.769989,381,381,5878800
2019-07-11,384.5400085,378.7999878,381.1000061,379.5,379.5,4336300
2019-07-12,379.7399902,372.7900085,378.6799927,373.25,373.25,6636900
2019-07-15,373.6799927,362.2999878,372.9400024,366.6000061,366.6000061,7944700
2019-07-16,371.3399963,364.9200134,370.0899963,365.9899902,365.9899902,5863200
2019-07-17,366.5,361.75,366.25,362.4400024,362.4400024,13639500
2019-07-18,329.8500061,320.2999878,323.7600098,325.2099915,325.2099915,31287100
2019-07-19,325.8500061,314.230011,323.3999939,315.1000061,315.1000061,16302500
2019-07-22,314.5400085,305.8099976,312,310.6199951,310.6199951,17718000
2019-07-23,313.5,306,311.4400024,307.2999878,307.2999878,9171100
2019-07-24,319.9899902,307.25,310.5100098,317.9400024,317.9400024,11961800
2019-07-25,327.6900024,316.2999878,318.8599854,326.4599915,326.4599915,10798500
2019-07-26,336,327.5,328.7900085,335.7799988,335.7799988,10847500
2019-07-29,336.3999939,328.769989,335.980011,332.7000122,332.7000122,5782800
2019-07-30,329.6499939,323.230011,329.2000122,325.9299927,325.9299927,6029300
2019-07-31,331.769989,318.5299988,325.1600037,322.9899902,322.9899902,6259500
2019-08-01,328.5799866,318.7399902,324.25,319.5,319.5,6563200
2019-08-02,319.4100037,311.7999878,317.4899902,318.8299866,318.8299866,6280300
2019-08-05,313.4200134,304.6799927,310.9599915,307.6300049,307.6300049,8692500
2019-08-06,311.8800049,305.2999878,310.5799866,310.1000061,310.1000061,6179100
2019-08-07,305,296.8099976,302.5599976,304.2900085,304.2900085,9322400
2019-08-08,316.3599854,306.6300049,311.0299988,315.8999939,315.8999939,5905900
2019-08-09,316.6400146,305.6799927,313.7399902,308.9299927,308.9299927,5349100
2019-08-12,312.8900146,303.2399902,305.4599915,310.8299866,310.8299866,6531700
2019-08-13,316.4299927,308.1600037,309.769989,312.2799988,312.2799988,5289400
2019-08-14,308.4100037,298.0100098,308.0100098,299.1099854,299.1099854,7355800
2019-08-15,300.6300049,288,299.5,295.7600098,295.7600098,9629200
2019-08-16,303.5499878,296.269989,298.8599854,302.7999878,302.7999878,6905800
2019-08-19,311.75,304.75,306.25,309.3800049,309.3800049,4942200
2019-08-20,305,297.6799927,304.5700073,298.9899902,298.9899902,7349900
2019-08-21,302.8800049,296.2000122,301.6099854,297.8099976,297.8099976,5685400
2019-08-22,300.3299866,293.1499939,298.6499939,296.9299927,296.9299927,4974200
2019-08-23,299.0100098,290.3200073,295,291.4400024,291.4400024,6324900
2019-08-26,296.9500122,292.5,295.2399902,294.980011,294.980011,4695700
2019-08-27,296.769989,287.2000122,294.5400085,291.0299988,291.0299988,6309400
2019-08-28,292.8200073,287.75,289.4700012,291.769989,291.769989,3955700
2019-08-29,299.9299927,294.9899902,295,296.7799988,296.7799988,4388500
2019-08-30,298.9400024,290.8500061,298.7799988,293.75,293.75,4446400
2019-09-03,293.8999939,288.0599976,290.8200073,289.2900085,289.2900085,3682800
2019-09-04,292.3800049,286.5100098,291.25,291.519989,291.519989,4652500
2019-09-05,293.9700012,282.7900085,285.3200073,293.25,293.25,8966800
2019-09-06,293.3500061,287.0299988,293.3500061,290.1700134,290.1700134,5166600
2019-09-09,301.5499878,290.6000061,294.8099976,294.3399963,294.3399963,8232700
2019-09-10,297.1700134,282.6600037,291.1600037,287.9899902,287.9899902,12320200
2019-09-11,292.6499939,284.6099854,285.7000122,288.269989,288.269989,7405900
2019-09-12,292.730011,286.6000061,288.1000061,288.8599854,288.8599854,5010900
2019-09-13,296.6199951,290.0400085,290.6099854,294.1499939,294.1499939,6583100
2019-09-16,297.4299927,289.7799988,294.230011,294.2900085,294.2900085,5307400
2019-09-17,299.1499939,291.7900085,294.5,298.6000061,298.6000061,4777100
2019-09-18,296.0499878,287.4500122,294.9899902,291.5599976,291.5599976,7811100
2019-09-19,293.8099976,283.3999939,291.5599976,286.6000061,286.6000061,8461300
2019-09-20,282.5,266,280.2600098,270.75,270.75,23832800
2019-09-23,273.3900146,261.8900146,268.3500061,265.9200134,265.9200134,13478600
2019-09-24,265,252.2799988,262.5,254.5899963,254.5899963,16338200
2019-09-25,266.6000061,253.6999969,255.7100067,264.75,264.75,11643800
2019-09-26,268.0499878,260.2000122,266.4200134,263.3099976,263.3099976,7684000
2019-09-27,267.4400024,260.3900146,266.1799927,263.0799866,263.0799866,7328300
2019-09-30,268.8800049,262.7799988,264,267.6199951,267.6199951,6727200
2019-10-01,272.2000122,264.0299988,267.3500061,269.5799866,269.5799866,8650300
2019-10-02,269.3500061,262.1900024,263.6099854,268.0299988,268.0299988,7659100
2019-10-03,268.8399963,257.0100098,267.7799988,268.1499939,268.1499939,8951000
2019-10-04,275.480011,266.4700012,268.2000122,272.7900085,272.7900085,9890400
2019-10-07,276.6799927,271.2799988,271.9899902,274.4599915,274.4599915,6525600
2019-10-08,275.5299988,270.6400146,273.0299988,270.7200012,270.7200012,6276400
2019-10-09,271,264.5700073,270.019989,267.5299988,267.5299988,6794400
2019-10-10,280.5299988,265.0299988,265.9700012,280.480011,280.480011,10809100
2019-10-11,287.8699951,282.3399963,284.7999878,282.9299927,282.9299927,8786100
2019-10-14,286.9299927,282,283.9299927,285.5299988,285.5299988,5513200
2019-10-15,285.8699951,279.3999939,283.8200073,284.25,284.25,7685600
2019-10-16,288.1700134,280.7399902,283.1199951,286.2799988,286.2799988,16175900
2019-10-17,308.75,288.2999878,304.4899902,293.3500061,293.3500061,38258900
2019-10-18,290.8999939,273.3599854,289.3599854,275.2999878,275.2999878,23429900
2019-10-21,279.9400024,269,272.8900146,278.0499878,278.0499878,12599200
2019-10-22,275.4100037,265.7999878,271.1600037,266.6900024,266.6900024,11802400
2019-10-23,273.9200134,266.6300049,268.0599976,271.269989,271.269989,7133500
2019-10-24,274.019989,268.7999878,271.8099976,271.5,271.5,4827400
2019-10-25,277.769989,270.1799927,270.6799927,276.8200073,276.8200073,4747800
2019-10-28,285.75,277.3500061,278.0499878,281.8599854,281.8599854,6248400
2019-10-29,284.4100037,277.5499878,281.8699951,281.2099915,281.2099915,4356200
2019-10-30,293.4899902,283,284.3399963,291.4500122,291.4500122,9345600
2019-10-31,291.4500122,284.7799988,291,287.4100037,287.4100037,5090000
2019-11-01,289.1199951,283.019989,288.7000122,286.8099976,286.8099976,5594300
2019-11-04,295.3900146,287.1600037,288,292.8599854,292.8599854,5566200
2019-11-05,291.1900024,286.3099976,289.9899902,288.0299988,288.0299988,4062400
2019-11-06,290.5599976,285.8399963,288.1900024,288.5899963,288.5899963,3438300
2019-11-07,298.1900024,288.269989,290.7000122,289.5700073,289.5700073,5928500
2019-11-08,293.9899902,287.5100098,288.730011,291.5700073,291.5700073,4509000
2019-11-11,296.3599854,288.5,289.1600037,294.1799927,294.1799927,3944300
2019-11-12,295.3500061,288.7000122,295.3200073,292.0100098,292.0100098,5772800
2019-11-13,293.4100037,281.1400146,291.0299988,283.1099854,283.1099854,9158900
2019-11-14,290.6300049,283.2200012,283.25,289.6199951,289.6199951,6529000
2019-11-15,295.8200073,287.5700073,290.5899963,295.0299988,295.0299988,6333800
2019-11-18,304.9899902,293.2799988,296,302.5700073,302.5700073,8616600
2019-11-19,305.6700134,298.519989,304.0100098,302.6000061,302.6000061,5918000
2019-11-20,308.25,301,301.0100098,305.1600037,305.1600037,5111800
2019-11-21,312.6900024,304.2600098,306,311.6900024,311.6900024,7488400
2019-11-22,311.3999939,304.4100037,309.1000061,310.480011,310.480011,5970100
2019-11-25,315.730011,305.25,308.8299866,315.5499878,315.5499878,7873900
2019-11-26,316.5,311.6900024,315,312.4899902,312.4899902,5321000
2019-11-27,316.8200073,312.75,313.9299927,315.9299927,315.9299927,4096900
2019-11-29,316.6199951,313.3399963,315.7799988,314.6600037,314.6600037,2411700
2019-12-02,314.3900146,303.75,314.3900146,309.9899902,309.9899902,6218800
2019-12-03,307.3599854,301.8800049,302.2200012,306.1600037,306.1600037,4992800
2019-12-04,308.4299927,303.269989,308.4299927,304.3200073,304.3200073,3512100
2019-12-05,306.480011,298.8099976,305.269989,302.8599854,302.8599854,4615500
2019-12-06,307.8500061,302.6000061,304.7000122,307.3500061,307.3500061,4457800
2019-12-09,311.4899902,302.4400024,307.3500061,302.5,302.5,5748400
2019-12-10,298.9400024,292.019989,296.1199951,293.1199951,293.1199951,10476100
2019-12-11,299.4299927,294.2000122,294.4899902,298.9299927,298.9299927,5589800
2019-12-12,299.1700134,295.0599976,295.6700134,298.4400024,298.4400024,4766600
2019-12-13,301.7999878,297.25,298.5,298.5,298.5,3879700
2019-12-16,305.7099915,298.6300049,300.8500061,304.2099915,304.2099915,4658900
2019-12-17,316.7999878,306.6000061,307.3599854,315.480011,315.480011,10427100
2019-12-18,325.3599854,315.6000061,316.2600098,320.7999878,320.7999878,11207400
2019-12-19,332.8299866,324.1799927,324.5,332.2200012,332.2200012,9822300
2019-12-20,338,330.6000061,335,336.8999939,336.8999939,9914900
2019-12-23,337.9500122,331.019989,337.7600098,333.1000061,333.1000061,5765300
2019-12-24,335.7000122,331.6000061,334.0100098,333.2000122,333.2000122,2019300
2019-12-26,336.4599915,332.0100098,334.6000061,332.6300049,332.6300049,3589900
2019-12-27,333.8200073,326.0100098,332.9599915,329.0899963,329.0899963,5036100
2019-12-30,329.1900024,322.8599854,329.0799866,323.3099976,323.3099976,4311500